source_file,participant_uuid,study,study_version,collection_mode,prolific_pid,prolific_study_id,prolific_session_id,assignment_source,item_route,local_condition_id,global_condition_id,item,prior,qud,utterance_id,utterance_family,utterance_polarity,is_implicative,consent_given,consent_rt_ms,instructions_rt_ms,ratings_rt_ms,rating_order,try_rating,try_rating_01,completion_rating,completion_rating_01,naturalness_rating,naturalness_rating_01,demographics_rt_ms,age,gender,education,native_language,country,screening_reasons,screening_status,analysis_exclusion_reasons,analysis_status,data_schema_version
record_000003.json,U000827,main-experiment,main-experiment-photo-1.2.0,main,P001283,S000002,T001222,datapipe-sequential-photo,photo,22,22,photo,low,P?,tried,try,positive,False,True,13768,5001,62312,TRY?|P?|NAT,68,0.68,25,0.25,35,0.35,22599,41,woman,some-college,english-only,united-states,,include,,include,main-exp-1.0.0
record_000004.json,U001233,main-experiment,main-experiment-photo-1.2.0,main,P000865,S000002,T001183,datapipe-sequential-photo,photo,29,29,photo,low,TRY?,didnt,simple,negative,False,True,13632,6820,72036,TRY?|P?|NAT,11,0.11,11,0.11,76,0.76,33329,61,man,associate,english-only,united-states,,include,,include,main-exp-1.0.0
record_000006.json,U001236,main-experiment,main-experiment-photo-1.2.0,main,P000807,S000002,T000662,datapipe-sequential-photo,photo,5,5,photo,high,P?,didnt,simple,negative,False,True,175040,4704,36038,P?|TRY?|NAT,82,0.82,10,0.1,32,0.32,11327,24,man,bachelor,english-only,united-kingdom,,include,,include,main-exp-1.0.0
record_000007.json,U001276,main-experiment,main-experiment-photo-1.2.0,main,P000999,S000002,T000124,datapipe-sequential-photo,photo,4,4,photo,high,P?,did,simple,positive,False,True,3790,13380,167811,P?|TRY?|NAT,38,0.38,36,0.36,69,0.69,18862,63,woman,some-college,english-only,united-states,,include,,include,main-exp-1.0.0
record_000010.json,U000565,main-experiment,main-experiment-photo-1.2.0,main,P000963,S000002,T000055,datapipe-sequential-photo,photo,26,26,photo,low,TRY?,failed,fail,positive,True,True,56817,5886,62220,TRY?|P?|NAT,0,0.0,0,0.0,27,0.27,20180,60,woman,bachelor,english-only,united-kingdom,,include,,include,main-exp-1.0.0
record_000014.json,U001286,main-experiment,main-experiment-photo-1.2.0,main,P000474,S000002,T000120,datapipe-sequential-photo,photo,7,7,photo,high,P?,didnt_try,try,negative,False,True,2745,3494,26017,TRY?|P?|NAT,5,0.05,11,0.11,76,0.76,13885,43,man,master,english-only,united-states,,include,,include,main-exp-1.0.0
record_000019.json,U001255,main-experiment,main-experiment-photo-1.2.0,main,P000656,S000002,T000065,datapipe-sequential-photo,photo,28,28,photo,low,TRY?,did,simple,positive,False,True,13121,8951,103707,P?|TRY?|NAT,80,0.8,80,0.8,65,0.65,18315,29,woman,bachelor,english-only,united-states,,include,,include,main-exp-1.0.0
record_000021.json,U000048,main-experiment,main-experiment-photo-1.2.0,main,P000469,S000002,T001111,datapipe-sequential-photo,photo,9,9,photo,high,TRY?,didnt_manage,manage,negative,True,True,3019,5248,38943,TRY?|P?|NAT,77,0.77,6,0.06,20,0.2,14147,32,man,bachelor,english-only,united-kingdom,,include,,include,main-exp-1.0.0
record_000025.json,U000592,main-experiment,main-experiment-photo-1.2.0,main,P000869,S000002,T001196,datapipe-sequential-photo,photo,3,3,photo,high,P?,didnt_fail,fail,negative,True,True,3602,1126,69505,P?|TRY?|NAT,71,0.71,68,0.68,54,0.54,22717,20,woman,associate,english-and-other,united-kingdom,,include,,include,main-exp-1.0.0
record_000026.json,U000713,main-experiment,main-experiment-photo-1.2.0,main,P000582,S000002,T001232,datapipe-sequential-photo,photo,4,4,photo,high,P?,did,simple,positive,False,True,27670,6565,81883,TRY?|P?|NAT,75,0.75,81,0.81,57,0.57,19818,32,man,some-college,english-only,united-kingdom,,include,,include,main-exp-1.0.0
record_000029.json,U000338,main-experiment,main-experiment-photo-1.2.0,main,P000795,S000002,T000516,datapipe-sequential-photo,photo,8,8,photo,high,TRY?,managed,manage,positive,True,True,20801,1286,51739,TRY?|P?|NAT,93,0.93,94,0.94,94,0.94,27624,47,man,some-college,english-only,united-kingdom,,include,,include,main-exp-1.0.0
record_000033.json,U000559,main-experiment,main-experiment-photo-1.2.0,main,P000981,S000002,T000443,datapipe-sequential-photo,photo,24,24,photo,low,TRY?,managed,manage,positive,True,True,4523,4731,73870,TRY?|P?|NAT,85,0.85,86,0.86,88,0.88,33243,64,woman,master,english-only,united-states,,include,,include,main-exp-1.0.0
record_000036.json,U000567,main-experiment,main-experiment-photo-1.2.0,main,P000012,S000002,T000712,datapipe-sequential-photo,photo,6,6,photo,high,P?,tried,try,positive,False,True,5170,4162,43046,TRY?|P?|NAT,89,0.89,86,0.86,80,0.8,16058,32,man,associate,english-only,canada,,include,,include,main-exp-1.0.0
record_000037.json,U000425,main-experiment,main-experiment-photo-1.2.0,main,P000220,S000002,T000432,datapipe-sequential-photo,photo,3,3,photo,high,P?,didnt_fail,fail,negative,True,True,35237,4756,53169,TRY?|P?|NAT,83,0.83,79,0.79,0,0.0,22311,30,man,master,english-and-other,united-kingdom,,include,,include,main-exp-1.0.0
record_000038.json,U000444,main-experiment,main-experiment-photo-1.2.0,main,P000371,S000002,T000678,datapipe-sequential-photo,photo,26,26,photo,low,TRY?,failed,fail,positive,True,True,2746,3389,63576,TRY?|P?|NAT,95,0.95,3,0.03,59,0.59,10370,32,man,high-school,english-only,united-states,,include,,include,main-exp-1.0.0
record_000039.json,U000871,main-experiment,main-experiment-photo-1.2.0,main,P000990,S000002,T000005,datapipe-sequential-photo,photo,22,22,photo,low,P?,tried,try,positive,False,True,18336,6358,47730,TRY?|P?|NAT,75,0.75,73,0.73,74,0.74,18799,52,man,bachelor,english-only,united-kingdom,,include,,include,main-exp-1.0.0
record_000040.json,U000470,main-experiment,main-experiment-photo-1.2.0,main,P000504,S000002,T000755,datapipe-sequential-photo,photo,14,14,photo,high,TRY?,tried,try,positive,False,True,5211,4952,44257,P?|TRY?|NAT,77,0.77,0,0.0,58,0.58,22856,50,man,less-than-high-school,english-only,united-kingdom,,include,,include,main-exp-1.0.0
record_000042.json,U000836,main-experiment,main-experiment-photo-1.2.0,main,P000276,S000002,T000263,datapipe-sequential-photo,photo,5,5,photo,high,P?,didnt,simple,negative,False,True,11046,5662,53570,TRY?|P?|NAT,71,0.71,28,0.28,37,0.37,27174,40,woman,less-than-high-school,english-only,canada,,include,,include,main-exp-1.0.0
record_000048.json,U000659,main-experiment,main-experiment-photo-1.2.0,main,P000675,S000002,T000500,datapipe-sequential-photo,photo,11,11,photo,high,TRY?,didnt_fail,fail,negative,True,True,72844,12911,87482,P?|TRY?|NAT,95,0.95,87,0.87,76,0.76,40719,25,woman,master,english-only,united-states,,include,,include,main-exp-1.0.0
record_000052.json,U000675,main-experiment,main-experiment-photo-1.2.0,main,P001068,S000002,T000852,datapipe-sequential-photo,photo,5,5,photo,high,P?,didnt,simple,negative,False,True,11686,40595,40763,TRY?|P?|NAT,87,0.87,0,0.0,89,0.89,23322,20,woman,some-college,english-only,united-kingdom,,include,,include,main-exp-1.0.0
record_000053.json,U000703,main-experiment,main-experiment-photo-1.2.0,main,P000668,S000002,T000932,datapipe-sequential-photo,photo,19,19,photo,low,P?,didnt_fail,fail,negative,True,True,2404,5763,50494,TRY?|P?|NAT,82,0.82,85,0.85,86,0.86,32479,57,man,high-school,english-only,united-states,,include,,include,main-exp-1.0.0
record_000054.json,U000735,main-experiment,main-experiment-photo-1.2.0,main,P001011,S000002,T000277,datapipe-sequential-photo,photo,0,0,photo,high,P?,managed,manage,positive,True,True,4261,5391,43867,P?|TRY?|NAT,99,0.99,93,0.93,75,0.75,16879,53,woman,associate,english-only,united-states,,include,,include,main-exp-1.0.0
record_000060.json,U000201,main-experiment,main-experiment-photo-1.2.0,main,P001297,S000002,T000026,datapipe-sequential-photo,photo,1,1,photo,high,P?,didnt_manage,manage,negative,True,True,1622,734,26585,TRY?|P?|NAT,73,0.73,0,0.0,29,0.29,25154,25,man,some-college,english-only,united-states,,include,,include,main-exp-1.0.0
record_000061.json,U001110,main-experiment,main-experiment-photo-1.2.0,main,P000877,S000002,T000939,datapipe-sequential-photo,photo,27,27,photo,low,TRY?,didnt_fail,fail,negative,True,True,11424,20096,109326,TRY?|P?|NAT,85,0.85,79,0.79,62,0.62,130811,30,man,master,english-only,united-kingdom,,include,,include,main-exp-1.0.0
record_000063.json,U000226,main-experiment,main-experiment-photo-1.2.0,main,P001234,S000002,T000865,datapipe-sequential-photo,photo,13,13,photo,high,TRY?,didnt,simple,negative,False,True,4879,1728,63411,P?|TRY?|NAT,12,0.12,20,0.2,33,0.33,19420,20,man,high-school,english-and-other,canada,,include,,include,main-exp-1.0.0
record_000065.json,U001210,main-experiment,main-experiment-photo-1.2.0,main,P000932,S000002,T000309,datapipe-sequential-photo,photo,9,9,photo,high,TRY?,didnt_manage,manage,negative,True,True,13505,6079,78541,TRY?|P?|NAT,25,0.25,2,0.02,70,0.7,18654,46,man,high-school,english-only,united-states,,include,,include,main-exp-1.0.0
record_000066.json,U000127,main-experiment,main-experiment-photo-1.2.0,main,P000002,S000002,T000002,datapipe-sequential-photo,photo,22,22,photo,low,P?,tried,try,positive,False,True,16526,7441,59048,P?|TRY?|NAT,41,0.41,48,0.48,55,0.55,28167,41,man,master,english-only,united-kingdom,,include,,include,main-exp-1.0.0
record_000068.json,U001017,main-experiment,main-experiment-photo-1.2.0,main,P000214,S000002,T000896,datapipe-sequential-photo,photo,20,20,photo,low,P?,did,simple,positive,False,True,15736,6833,62504,TRY?|P?|NAT,54,0.54,52,0.52,46,0.46,24538,60,woman,bachelor,english-only,united-kingdom,,include,,include,main-exp-1.0.0
record_000070.json,U000303,main-experiment,main-experiment-photo-1.2.0,main,P001241,S000002,T000536,datapipe-sequential-photo,photo,7,7,photo,high,P?,didnt_try,try,negative,False,True,1573,3694,37139,P?|TRY?|NAT,3,0.03,5,0.05,24,0.24,12824,35,man,some-college,english-only,united-states,,include,,include,main-exp-1.0.0
record_000072.json,U000997,main-experiment,main-experiment-photo-1.2.0,main,P001193,S000002,T000578,datapipe-sequential-photo,photo,26,26,photo,low,TRY?,failed,fail,positive,True,True,8065,3532,35813,P?|TRY?|NAT,0,0.0,0,0.0,3,0.03,15531,29,man,some-college,english-only,united-kingdom,,include,,include,main-exp-1.0.0
record_000077.json,U000224,main-experiment,main-experiment-photo-1.2.0,main,P000064,S000002,T001054,datapipe-sequential-photo,photo,6,6,photo,high,P?,tried,try,positive,False,True,2077,2925,30938,TRY?|P?|NAT,92,0.92,27,0.27,81,0.81,67767,35,man,doctoral-professional,english-only,united-kingdom,,include,,include,main-exp-1.0.0
record_000081.json,U000442,main-experiment,main-experiment-photo-1.2.0,main,P000718,S000002,T001169,datapipe-sequential-photo,photo,13,13,photo,high,TRY?,didnt,simple,negative,False,True,5177,2045,37630,TRY?|P?|NAT,0,0.0,0,0.0,100,1.0,33082,34,woman,master,english-only,united-kingdom,,include,,include,main-exp-1.0.0
record_000087.json,U000084,main-experiment,main-experiment-photo-1.2.0,main,P001285,S000002,T000182,datapipe-sequential-photo,photo,10,10,photo,high,TRY?,failed,fail,positive,True,True,3661,3873,41952,P?|TRY?|NAT,62,0.62,0,0.0,47,0.47,13296,29,man,bachelor,english-only,united-states,,include,,include,main-exp-1.0.0
record_000088.json,U000929,main-experiment,main-experiment-photo-1.2.0,main,P000521,S000002,T001105,datapipe-sequential-photo,photo,17,17,photo,low,P?,didnt_manage,manage,negative,True,True,2286,6214,45748,TRY?|P?|NAT,0,0.0,0,0.0,30,0.3,12677,45,man,master,english-only,united-states,,include,,include,main-exp-1.0.0
record_000089.json,U001000,main-experiment,main-experiment-photo-1.2.0,main,P001089,S000002,T000209,datapipe-sequential-photo,photo,1,1,photo,high,P?,didnt_manage,manage,negative,True,True,13479,3486,51147,TRY?|P?|NAT,75,0.75,9,0.09,26,0.26,20136,54,woman,doctoral-professional,english-only,united-kingdom,,include,,include,main-exp-1.0.0
record_000095.json,U001256,main-experiment,main-experiment-photo-1.2.0,main,P000252,S000002,T000406,datapipe-sequential-photo,photo,25,25,photo,low,TRY?,didnt_manage,manage,negative,True,True,14509,3058,53078,P?|TRY?|NAT,34,0.34,19,0.19,62,0.62,13333,45,man,bachelor,english-only,united-kingdom,,include,,include,main-exp-1.0.0
record_000096.json,U000878,main-experiment,main-experiment-photo-1.2.0,main,P000186,S000002,T001129,datapipe-sequential-photo,photo,9,9,photo,high,TRY?,didnt_manage,manage,negative,True,True,4203,1863,29890,P?|TRY?|NAT,84,0.84,9,0.09,38,0.38,12783,39,man,doctoral-professional,english-only,united-states,,include,,include,main-exp-1.0.0
record_000099.json,U000047,main-experiment,main-experiment-photo-1.2.0,main,P000808,S000002,T001152,datapipe-sequential-photo,photo,19,19,photo,low,P?,didnt_fail,fail,negative,True,True,44363,5964,97620,TRY?|P?|NAT,100,1.0,100,1.0,0,0.0,13784,35,woman,bachelor,english-only,australia,,include,,include,main-exp-1.0.0
record_000100.json,U001111,main-experiment,main-experiment-photo-1.2.0,main,P001142,S000002,T000513,datapipe-sequential-photo,photo,8,8,photo,high,TRY?,managed,manage,positive,True,True,2481,3111,62109,TRY?|P?|NAT,100,1.0,100,1.0,74,0.74,18081,24,man,master,english-only,united-states,,include,,include,main-exp-1.0.0
record_000105.json,U000139,main-experiment,main-experiment-photo-1.2.0,main,P001081,S000002,T000559,datapipe-sequential-photo,photo,20,20,photo,low,P?,did,simple,positive,False,True,4249,15224,213890,P?|TRY?|NAT,64,0.64,45,0.45,44,0.44,30272,44,woman,master,english-only,united-states,,include,,include,main-exp-1.0.0
record_000107.json,U000856,main-experiment,main-experiment-photo-1.2.0,main,P000737,S000002,T000166,datapipe-sequential-photo,photo,8,8,photo,high,TRY?,managed,manage,positive,True,True,7109,19141,51877,TRY?|P?|NAT,80,0.8,80,0.8,79,0.79,54675,43,man,some-college,english-only,united-kingdom,,include,,include,main-exp-1.0.0
record_000109.json,U000399,main-experiment,main-experiment-photo-1.2.0,main,P001062,S000002,T000805,datapipe-sequential-photo,photo,30,30,photo,low,TRY?,tried,try,positive,False,True,2111,1739,23550,P?|TRY?|NAT,3,0.03,7,0.07,84,0.84,15498,28,woman,master,english-only,united-kingdom,,include,,include,main-exp-1.0.0
record_000111.json,U001021,main-experiment,main-experiment-photo-1.2.0,main,P000823,S000002,T001002,datapipe-sequential-photo,photo,11,11,photo,high,TRY?,didnt_fail,fail,negative,True,True,3181,8647,76839,P?|TRY?|NAT,0,0.0,100,1.0,0,0.0,16300,56,woman,associate,english-only,united-states,,include,,include,main-exp-1.0.0
record_000113.json,U001095,main-experiment,main-experiment-photo-1.2.0,main,P000433,S000002,T000950,datapipe-sequential-photo,photo,29,29,photo,low,TRY?,didnt,simple,negative,False,True,12162,2323,87697,TRY?|P?|NAT,6,0.06,14,0.14,90,0.9,30861,44,man,master,english-and-other,canada,,include,,include,main-exp-1.0.0
record_000115.json,U000362,main-experiment,main-experiment-photo-1.2.0,main,P000070,S000002,T000858,datapipe-sequential-photo,photo,20,20,photo,low,P?,did,simple,positive,False,True,1919,51980,40536,TRY?|P?|NAT,37,0.37,35,0.35,67,0.67,16884,28,man,bachelor,english-only,united-kingdom,,include,,include,main-exp-1.0.0
record_000117.json,U000035,main-experiment,main-experiment-photo-1.2.0,main,P000301,S000002,T001069,datapipe-sequential-photo,photo,14,14,photo,high,TRY?,tried,try,positive,False,True,5111,3900,63903,TRY?|P?|NAT,87,0.87,67,0.67,30,0.3,16504,38,man,some-college,english-only,united-states,,include,,include,main-exp-1.0.0
record_000121.json,U000854,main-experiment,main-experiment-photo-1.2.0,main,P001212,S000002,T001103,datapipe-sequential-photo,photo,20,20,photo,low,P?,did,simple,positive,False,True,3312,4941,100563,P?|TRY?|NAT,84,0.84,95,0.95,52,0.52,238745,44,man,bachelor,english-only,united-states,,include,,include,main-exp-1.0.0
record_000125.json,U000745,main-experiment,main-experiment-photo-1.2.0,main,P000268,S000002,T000966,datapipe-sequential-photo,photo,19,19,photo,low,P?,didnt_fail,fail,negative,True,True,29915,3872,34263,TRY?|P?|NAT,99,0.99,100,1.0,28,0.28,13176,43,woman,some-college,english-only,united-kingdom,,include,,include,main-exp-1.0.0
record_000135.json,U001152,main-experiment,main-experiment-photo-1.2.0,main,P000183,S000002,T000759,datapipe-sequential-photo,photo,24,24,photo,low,TRY?,managed,manage,positive,True,True,6036,8759,52634,TRY?|P?|NAT,5,0.05,8,0.08,26,0.26,13963,36,man,bachelor,english-only,united-kingdom,,include,,include,main-exp-1.0.0
record_000136.json,U001098,main-experiment,main-experiment-photo-1.2.0,main,P000558,S000002,T000700,datapipe-sequential-photo,photo,22,22,photo,low,P?,tried,try,positive,False,True,2629,8523,56026,P?|TRY?|NAT,100,1.0,0,0.0,100,1.0,20691,46,man,bachelor,english-and-other,united-states,,include,,include,main-exp-1.0.0
record_000137.json,U000070,main-experiment,main-experiment-photo-1.2.0,main,P000568,S000002,T001234,datapipe-sequential-photo,photo,30,30,photo,low,TRY?,tried,try,positive,False,True,2354,1394,77513,TRY?|P?|NAT,6,0.06,8,0.08,75,0.75,36309,19,woman,associate,english-only,united-kingdom,,include,,include,main-exp-1.0.0
record_000145.json,U000787,main-experiment,main-experiment-photo-1.2.0,main,P001037,S000002,T000505,datapipe-sequential-photo,photo,5,5,photo,high,P?,didnt,simple,negative,False,True,2884,1050,25983,TRY?|P?|NAT,30,0.3,0,0.0,61,0.61,12748,27,woman,master,english-only,canada,,include,,include,main-exp-1.0.0
record_000156.json,U000223,main-experiment,main-experiment-photo-1.2.0,main,P001173,S000002,T000823,datapipe-sequential-photo,photo,0,0,photo,high,P?,managed,manage,positive,True,True,9227,1730,87294,P?|TRY?|NAT,60,0.6,59,0.59,100,1.0,12758,34,woman,bachelor,english-and-other,united-kingdom,,include,,include,main-exp-1.0.0
record_000160.json,U000897,main-experiment,main-experiment-photo-1.2.0,main,P000492,S000002,T000806,datapipe-sequential-photo,photo,19,19,photo,low,P?,didnt_fail,fail,negative,True,True,30639,2529,94678,P?|TRY?|NAT,17,0.17,19,0.19,0,0.0,19993,22,woman,some-college,english-only,united-states,,include,,include,main-exp-1.0.0
record_000166.json,U001007,main-experiment,main-experiment-photo-1.2.0,main,P001019,S000002,T000056,datapipe-sequential-photo,photo,15,15,photo,high,TRY?,didnt_try,try,negative,False,True,30089,10399,73423,P?|TRY?|NAT,28,0.28,28,0.28,80,0.8,29324,23,woman,high-school,english-only,united-states,,include,,include,main-exp-1.0.0
record_000170.json,U001049,main-experiment,main-experiment-photo-1.2.0,main,P000426,S000002,T000832,datapipe-sequential-photo,photo,9,9,photo,high,TRY?,didnt_manage,manage,negative,True,True,19674,19645,50277,TRY?|P?|NAT,76,0.76,8,0.08,76,0.76,30398,59,man,some-college,english-only,united-states,,include,,include,main-exp-1.0.0
record_000174.json,U000190,main-experiment,main-experiment-photo-1.2.0,main,P000069,S000002,T001128,datapipe-sequential-photo,photo,31,31,photo,low,TRY?,didnt_try,try,negative,False,True,6904,16065,61851,P?|TRY?|NAT,4,0.04,0,0.0,61,0.61,33891,23,woman,bachelor,english-only,united-states,,include,,include,main-exp-1.0.0
record_000179.json,U001076,main-experiment,main-experiment-photo-1.2.0,main,P000857,S000002,T000817,datapipe-sequential-photo,photo,23,23,photo,low,P?,didnt_try,try,negative,False,True,2509,2406,53680,TRY?|P?|NAT,0,0.0,0,0.0,55,0.55,16606,24,woman,bachelor,english-only,united-kingdom,,include,,include,main-exp-1.0.0
record_000180.json,U000050,main-experiment,main-experiment-photo-1.2.0,main,P000216,S000002,T000609,datapipe-sequential-photo,photo,7,7,photo,high,P?,didnt_try,try,negative,False,True,2873,3970,54847,TRY?|P?|NAT,2,0.02,1,0.01,81,0.81,15639,53,woman,associate,english-only,united-states,,include,,include,main-exp-1.0.0
record_000185.json,U001079,main-experiment,main-experiment-photo-1.2.0,main,P000035,S000002,T001301,datapipe-sequential-photo,photo,9,9,photo,high,TRY?,didnt_manage,manage,negative,True,True,5277,2012,60979,P?|TRY?|NAT,25,0.25,25,0.25,22,0.22,15465,33,man,some-college,english-only,united-kingdom,,include,,include,main-exp-1.0.0
record_000186.json,U001239,main-experiment,main-experiment-photo-1.2.0,main,P000512,S000002,T000004,datapipe-sequential-photo,photo,24,24,photo,low,TRY?,managed,manage,positive,True,True,12201,6758,77419,P?|TRY?|NAT,1,0.01,0,0.0,100,1.0,29211,56,woman,high-school,english-only,united-states,,include,,include,main-exp-1.0.0
record_000194.json,U000967,main-experiment,main-experiment-photo-1.2.0,main,P000926,S000002,T000793,datapipe-sequential-photo,photo,26,26,photo,low,TRY?,failed,fail,positive,True,True,8204,7658,48983,TRY?|P?|NAT,25,0.25,26,0.26,100,1.0,22309,75,woman,master,english-only,united-states,,include,,include,main-exp-1.0.0
record_000209.json,U000508,main-experiment,main-experiment-photo-1.2.0,main,P000314,S000002,T000127,datapipe-sequential-photo,photo,0,0,photo,high,P?,managed,manage,positive,True,True,76915,3393,326911,TRY?|P?|NAT,95,0.95,96,0.96,93,0.93,28704,32,woman,bachelor,english-only,canada,,include,,include,main-exp-1.0.0
record_000210.json,U000812,main-experiment,main-experiment-photo-1.2.0,main,P001100,S000002,T001020,datapipe-sequential-photo,photo,23,23,photo,low,P?,didnt_try,try,negative,False,True,5563,5780,71386,P?|TRY?|NAT,83,0.83,85,0.85,82,0.82,21654,28,man,master,english-and-other,united-states,,include,,include,main-exp-1.0.0
record_000213.json,U000246,main-experiment,main-experiment-photo-1.2.0,main,P000799,S000002,T000270,datapipe-sequential-photo,photo,30,30,photo,low,TRY?,tried,try,positive,False,True,7026,25506,154102,P?|TRY?|NAT,86,0.86,29,0.29,94,0.94,27455,27,man,bachelor,english-only,canada,,include,,include,main-exp-1.0.0
record_000214.json,U001069,main-experiment,main-experiment-photo-1.2.0,main,P000591,S000002,T000453,datapipe-sequential-photo,photo,3,3,photo,high,P?,didnt_fail,fail,negative,True,True,4871,1359,85882,P?|TRY?|NAT,86,0.86,88,0.88,0,0.0,19063,61,man,master,english-only,united-kingdom,,include,,include,main-exp-1.0.0
record_000215.json,U000597,main-experiment,main-experiment-photo-1.2.0,main,P000794,S000002,T000396,datapipe-sequential-photo,photo,25,25,photo,low,TRY?,didnt_manage,manage,negative,True,True,17782,11606,57666,P?|TRY?|NAT,35,0.35,0,0.0,72,0.72,26436,29,woman,bachelor,english-only,united-kingdom,,include,,include,main-exp-1.0.0
record_000216.json,U000472,main-experiment,main-experiment-photo-1.2.0,main,P000890,S000002,T000100,datapipe-sequential-photo,photo,26,26,photo,low,TRY?,failed,fail,positive,True,True,6186,2555,51598,TRY?|P?|NAT,19,0.19,11,0.11,79,0.79,16101,57,man,doctoral-professional,english-only,united-kingdom,,include,,include,main-exp-1.0.0
record_000217.json,U000924,main-experiment,main-experiment-photo-1.2.0,main,P000284,S000002,T000691,datapipe-sequential-photo,photo,17,17,photo,low,P?,didnt_manage,manage,negative,True,True,35875,8491,55430,TRY?|P?|NAT,89,0.89,7,0.07,33,0.33,32613,74,woman,bachelor,english-only,united-states,,include,,include,main-exp-1.0.0
record_000218.json,U001134,main-experiment,main-experiment-photo-1.2.0,main,P001307,S000002,T000426,datapipe-sequential-photo,photo,16,16,photo,low,P?,managed,manage,positive,True,True,4769,5374,55881,TRY?|P?|NAT,16,0.16,15,0.15,12,0.12,17574,57,man,bachelor,english-only,united-states,,include,,include,main-exp-1.0.0
record_000220.json,U001284,main-experiment,main-experiment-photo-1.2.0,main,P001033,S000002,T000035,datapipe-sequential-photo,photo,16,16,photo,low,P?,managed,manage,positive,True,True,2238,13914,62848,TRY?|P?|NAT,62,0.62,61,0.61,16,0.16,13039,37,non-binary,associate,english-only,united-states,,include,,include,main-exp-1.0.0
record_000221.json,U001063,main-experiment,main-experiment-photo-1.2.0,main,P000333,S000002,T000831,datapipe-sequential-photo,photo,16,16,photo,low,P?,managed,manage,positive,True,True,4630,15702,147555,TRY?|P?|NAT,62,0.62,76,0.76,100,1.0,20262,58,woman,bachelor,english-only,united-states,,include,,include,main-exp-1.0.0
record_000222.json,U000244,main-experiment,main-experiment-photo-1.2.0,main,P000061,S000002,T000342,datapipe-sequential-photo,photo,11,11,photo,high,TRY?,didnt_fail,fail,negative,True,True,4020,1467,34751,TRY?|P?|NAT,32,0.32,9,0.09,72,0.72,10102,25,man,bachelor,english-only,united-kingdom,,include,,include,main-exp-1.0.0
record_000224.json,U000867,main-experiment,main-experiment-photo-1.2.0,main,P000146,S000002,T001078,datapipe-sequential-photo,photo,21,21,photo,low,P?,didnt,simple,negative,False,True,4178,3308,26622,TRY?|P?|NAT,3,0.03,15,0.15,68,0.68,12556,33,woman,bachelor,english-only,united-kingdom,,include,,include,main-exp-1.0.0
record_000229.json,U000956,main-experiment,main-experiment-photo-1.2.0,main,P000989,S000002,T000639,datapipe-sequential-photo,photo,14,14,photo,high,TRY?,tried,try,positive,False,True,14840,5942,72083,TRY?|P?|NAT,82,0.82,27,0.27,38,0.38,13616,23,woman,master,english-only,united-kingdom,,include,,include,main-exp-1.0.0
record_000232.json,U000484,main-experiment,main-experiment-photo-1.2.0,main,P000912,S000002,T000021,datapipe-sequential-photo,photo,19,19,photo,low,P?,didnt_fail,fail,negative,True,True,4294,4069,69881,P?|TRY?|NAT,0,0.0,0,0.0,12,0.12,15102,60,woman,high-school,english-only,united-kingdom,,include,,include,main-exp-1.0.0
record_000234.json,U000149,main-experiment,main-experiment-photo-1.2.0,main,P001217,S000002,T000800,datapipe-sequential-photo,photo,7,7,photo,high,P?,didnt_try,try,negative,False,True,46466,34897,80285,TRY?|P?|NAT,0,0.0,0,0.0,100,1.0,151805,59,woman,master,english-only,united-kingdom,,include,,include,main-exp-1.0.0
record_000235.json,U000952,main-experiment,main-experiment-photo-1.2.0,main,P000484,S000002,T001190,datapipe-sequential-photo,photo,9,9,photo,high,TRY?,didnt_manage,manage,negative,True,True,3025,1850,107512,P?|TRY?|NAT,100,1.0,0,0.0,100,1.0,19873,44,man,some-college,english-only,united-kingdom,,include,,include,main-exp-1.0.0
record_000236.json,U000433,main-experiment,main-experiment-photo-1.2.0,main,P000903,S000002,T000348,datapipe-sequential-photo,photo,9,9,photo,high,TRY?,didnt_manage,manage,negative,True,True,4575,5121,41378,TRY?|P?|NAT,79,0.79,0,0.0,70,0.7,86074,42,man,some-college,english-only,united-states,,include,,include,main-exp-1.0.0
record_000239.json,U000724,main-experiment,main-experiment-photo-1.2.0,main,P001243,S000002,T000547,datapipe-sequential-photo,photo,14,14,photo,high,TRY?,tried,try,positive,False,True,28585,13614,58575,P?|TRY?|NAT,100,1.0,0,0.0,59,0.59,20476,48,woman,bachelor,english-only,united-states,,include,,include,main-exp-1.0.0
record_000241.json,U000756,main-experiment,main-experiment-photo-1.2.0,main,P000683,S000002,T000924,datapipe-sequential-photo,photo,1,1,photo,high,P?,didnt_manage,manage,negative,True,True,10529,6144,27604,TRY?|P?|NAT,85,0.85,85,0.85,24,0.24,15391,38,man,high-school,english-only,united-kingdom,,include,,include,main-exp-1.0.0
record_000242.json,U000873,main-experiment,main-experiment-photo-1.2.0,main,P000091,S000002,T000425,datapipe-sequential-photo,photo,24,24,photo,low,TRY?,managed,manage,positive,True,True,55919,24044,190702,P?|TRY?|NAT,35,0.35,71,0.71,69,0.69,49511,37,woman,master,english-only,united-kingdom,,include,,include,main-exp-1.0.0
record_000249.json,U001283,main-experiment,main-experiment-photo-1.2.0,main,P000135,S000002,T000788,datapipe-sequential-photo,photo,29,29,photo,low,TRY?,didnt,simple,negative,False,True,9739,4350,77449,TRY?|P?|NAT,0,0.0,0,0.0,100,1.0,19665,37,man,bachelor,english-only,united-states,,include,,include,main-exp-1.0.0
record_000250.json,U001235,main-experiment,main-experiment-photo-1.2.0,main,P000933,S000002,T000792,datapipe-sequential-photo,photo,12,12,photo,high,TRY?,did,simple,positive,False,True,6867,3212,63061,TRY?|P?|NAT,75,0.75,84,0.84,42,0.42,15426,28,woman,doctoral-professional,english-only,united-states,,include,,include,main-exp-1.0.0
record_000252.json,U001164,main-experiment,main-experiment-photo-1.2.0,main,P000763,S000002,T000085,datapipe-sequential-photo,photo,27,27,photo,low,TRY?,didnt_fail,fail,negative,True,True,3144,13005,77969,TRY?|P?|NAT,5,0.05,8,0.08,13,0.13,27772,45,woman,some-college,english-only,united-states,,include,,include,main-exp-1.0.0
record_000253.json,U000474,main-experiment,main-experiment-photo-1.2.0,main,P001080,S000002,T000495,datapipe-sequential-photo,photo,3,3,photo,high,P?,didnt_fail,fail,negative,True,True,3005,2730,80610,P?|TRY?|NAT,77,0.77,100,1.0,28,0.28,23301,36,man,bachelor,english-only,united-kingdom,,include,,include,main-exp-1.0.0
record_000255.json,U000918,main-experiment,main-experiment-photo-1.2.0,main,P000649,S000002,T000569,datapipe-sequential-photo,photo,27,27,photo,low,TRY?,didnt_fail,fail,negative,True,True,4482,12666,62491,TRY?|P?|NAT,30,0.3,24,0.24,45,0.45,26198,28,man,bachelor,english-only,united-states,,include,,include,main-exp-1.0.0
record_000264.json,U001036,main-experiment,main-experiment-photo-1.2.0,main,P000605,S000002,T001197,datapipe-sequential-photo,photo,8,8,photo,high,TRY?,managed,manage,positive,True,True,3414,4646,78217,TRY?|P?|NAT,100,1.0,100,1.0,21,0.21,20591,43,man,master,english-and-other,united-states,,include,,include,main-exp-1.0.0
record_000268.json,U000259,main-experiment,main-experiment-photo-1.2.0,main,P000653,S000002,T001208,datapipe-sequential-photo,photo,22,22,photo,low,P?,tried,try,positive,False,True,7295,5467,41466,P?|TRY?|NAT,77,0.77,12,0.12,16,0.16,17256,45,man,some-college,english-only,united-states,,include,,include,main-exp-1.0.0
record_000269.json,U000266,main-experiment,main-experiment-photo-1.2.0,main,P000437,S000002,T000160,datapipe-sequential-photo,photo,5,5,photo,high,P?,didnt,simple,negative,False,True,2632,7865,97396,P?|TRY?|NAT,89,0.89,88,0.88,81,0.81,37633,44,man,associate,english-only,united-states,,include,,include,main-exp-1.0.0
record_000270.json,U001135,main-experiment,main-experiment-photo-1.2.0,main,P000003,S000002,T000340,datapipe-sequential-photo,photo,0,0,photo,high,P?,managed,manage,positive,True,True,2476,2774,27106,TRY?|P?|NAT,100,1.0,100,1.0,40,0.4,11203,26,man,some-college,english-only,united-kingdom,,include,,include,main-exp-1.0.0
record_000273.json,U000938,main-experiment,main-experiment-photo-1.2.0,main,P000909,S000002,T000699,datapipe-sequential-photo,photo,2,2,photo,high,P?,failed,fail,positive,True,True,15091,9103,36677,TRY?|P?|NAT,27,0.27,26,0.26,65,0.65,50178,67,woman,high-school,english-only,united-kingdom,,include,,include,main-exp-1.0.0
record_000275.json,U000432,main-experiment,main-experiment-photo-1.2.0,main,P000523,S000002,T000389,datapipe-sequential-photo,photo,30,30,photo,low,TRY?,tried,try,positive,False,True,12728,5423,56799,P?|TRY?|NAT,41,0.41,37,0.37,50,0.5,29559,39,woman,associate,english-only,united-states,,include,,include,main-exp-1.0.0
record_000277.json,U000385,main-experiment,main-experiment-photo-1.2.0,main,P001273,S000002,T001004,datapipe-sequential-photo,photo,11,11,photo,high,TRY?,didnt_fail,fail,negative,True,True,2354,3814,51855,TRY?|P?|NAT,8,0.08,17,0.17,14,0.14,13177,35,woman,high-school,english-only,united-states,,include,,include,main-exp-1.0.0
record_000282.json,U000160,main-experiment,main-experiment-photo-1.2.0,main,P000954,S000002,T000158,datapipe-sequential-photo,photo,28,28,photo,low,TRY?,did,simple,positive,False,True,7341,18178,35751,P?|TRY?|NAT,0,0.0,0,0.0,71,0.71,11642,31,man,bachelor,english-only,united-kingdom,,include,,include,main-exp-1.0.0
record_000284.json,U000804,main-experiment,main-experiment-photo-1.2.0,main,P000249,S000002,T000701,datapipe-sequential-photo,photo,19,19,photo,low,P?,didnt_fail,fail,negative,True,True,3283,9286,137237,P?|TRY?|NAT,100,1.0,100,1.0,18,0.18,153210,31,man,bachelor,english-only,united-kingdom,,include,,include,main-exp-1.0.0
record_000285.json,U000396,main-experiment,main-experiment-photo-1.2.0,main,P000595,S000002,T000119,datapipe-sequential-photo,photo,23,23,photo,low,P?,didnt_try,try,negative,False,True,2913,4294,54657,TRY?|P?|NAT,79,0.79,80,0.8,50,0.5,17958,29,man,associate,english-and-other,united-states,,include,,include,main-exp-1.0.0
record_000288.json,U000925,main-experiment,main-experiment-photo-1.2.0,main,P000269,S000002,T000196,datapipe-sequential-photo,photo,29,29,photo,low,TRY?,didnt,simple,negative,False,True,3038,4766,59485,TRY?|P?|NAT,15,0.15,0,0.0,43,0.43,25734,26,woman,master,english-and-other,united-kingdom,,include,,include,main-exp-1.0.0
record_000295.json,U000920,main-experiment,main-experiment-photo-1.2.0,main,P000619,S000002,T000328,datapipe-sequential-photo,photo,6,6,photo,high,P?,tried,try,positive,False,True,2038,26776,28447,TRY?|P?|NAT,24,0.24,8,0.08,42,0.42,20729,33,man,doctoral-professional,english-only,united-states,,include,,include,main-exp-1.0.0
record_000298.json,U001267,main-experiment,main-experiment-photo-1.2.0,main,P000418,S000002,T001215,datapipe-sequential-photo,photo,22,22,photo,low,P?,tried,try,positive,False,True,3925,6291,45304,TRY?|P?|NAT,18,0.18,19,0.19,16,0.16,14676,40,man,some-college,english-only,united-kingdom,,include,,include,main-exp-1.0.0
record_000309.json,U000116,main-experiment,main-experiment-photo-1.2.0,main,P000331,S000002,T000742,datapipe-sequential-photo,photo,17,17,photo,low,P?,didnt_manage,manage,negative,True,True,5267,2174,93396,P?|TRY?|NAT,31,0.31,27,0.27,72,0.72,68976,73,man,bachelor,english-only,united-states,,include,,include,main-exp-1.0.0
record_000311.json,U000469,main-experiment,main-experiment-photo-1.2.0,main,P000495,S000002,T000753,datapipe-sequential-photo,photo,0,0,photo,high,P?,managed,manage,positive,True,True,5303,2353,37755,TRY?|P?|NAT,96,0.96,97,0.97,60,0.6,13119,46,woman,high-school,english-only,united-states,,include,,include,main-exp-1.0.0
record_000314.json,U000814,main-experiment,main-experiment-photo-1.2.0,main,P000554,S000002,T001018,datapipe-sequential-photo,photo,25,25,photo,low,TRY?,didnt_manage,manage,negative,True,True,58396,7554,42742,P?|TRY?|NAT,33,0.33,14,0.14,11,0.11,167975,31,woman,master,english-only,united-kingdom,,include,,include,main-exp-1.0.0
record_000317.json,U000805,main-experiment,main-experiment-photo-1.2.0,main,P000119,S000002,T000508,datapipe-sequential-photo,photo,17,17,photo,low,P?,didnt_manage,manage,negative,True,True,17388,3605,84677,TRY?|P?|NAT,0,0.0,0,0.0,91,0.91,63094,24,man,bachelor,english-only,united-states,,include,,include,main-exp-1.0.0
record_000319.json,U000369,main-experiment,main-experiment-photo-1.2.0,main,P000130,S000002,T000151,datapipe-sequential-photo,photo,23,23,photo,low,P?,didnt_try,try,negative,False,True,2278,1314,34114,P?|TRY?|NAT,18,0.18,14,0.14,19,0.19,15264,41,woman,bachelor,english-only,canada,,include,,include,main-exp-1.0.0
record_000320.json,U000557,main-experiment,main-experiment-photo-1.2.0,main,P000520,S000002,T000779,datapipe-sequential-photo,photo,27,27,photo,low,TRY?,didnt_fail,fail,negative,True,True,3726,5330,89042,P?|TRY?|NAT,6,0.06,6,0.06,87,0.87,32247,67,woman,master,english-only,united-kingdom,,include,,include,main-exp-1.0.0
record_000326.json,U000248,main-experiment,main-experiment-photo-1.2.0,main,P001101,S000002,T001144,datapipe-sequential-photo,photo,24,24,photo,low,TRY?,managed,manage,positive,True,True,4057,5893,86544,TRY?|P?|NAT,80,0.8,80,0.8,19,0.19,38019,56,man,master,english-only,united-states,,include,,include,main-exp-1.0.0
record_000329.json,U000499,main-experiment,main-experiment-photo-1.2.0,main,P001024,S000002,T000887,datapipe-sequential-photo,photo,28,28,photo,low,TRY?,did,simple,positive,False,True,1560,814,23012,TRY?|P?|NAT,81,0.81,84,0.84,82,0.82,9875,21,man,high-school,english-only,united-kingdom,,include,,include,main-exp-1.0.0
record_000332.json,U000206,main-experiment,main-experiment-photo-1.2.0,main,P000654,S000002,T000229,datapipe-sequential-photo,photo,5,5,photo,high,P?,didnt,simple,negative,False,True,2670,15535,34780,TRY?|P?|NAT,18,0.18,0,0.0,89,0.89,9907,26,woman,bachelor,english-only,canada,,include,,include,main-exp-1.0.0
record_000334.json,U000761,main-experiment,main-experiment-photo-1.2.0,main,P000369,S000002,T000490,datapipe-sequential-photo,photo,29,29,photo,low,TRY?,didnt,simple,negative,False,True,4209,1501,58581,TRY?|P?|NAT,6,0.06,4,0.04,34,0.34,18520,55,woman,high-school,english-only,united-kingdom,,include,,include,main-exp-1.0.0
record_000337.json,U000487,main-experiment,main-experiment-photo-1.2.0,main,P001168,S000002,T000281,datapipe-sequential-photo,photo,2,2,photo,high,P?,failed,fail,positive,True,True,1728,1872,29598,P?|TRY?|NAT,1,0.01,0,0.0,36,0.36,9380,30,man,bachelor,english-only,united-states,,include,,include,main-exp-1.0.0
record_000338.json,U000751,main-experiment,main-experiment-photo-1.2.0,main,P000913,S000002,T000816,datapipe-sequential-photo,photo,27,27,photo,low,TRY?,didnt_fail,fail,negative,True,True,6572,2460,19184,TRY?|P?|NAT,60,0.6,44,0.44,59,0.59,14031,19,woman,high-school,english-and-other,united-states,,include,,include,main-exp-1.0.0
record_000343.json,U000847,main-experiment,main-experiment-photo-1.2.0,main,P000291,S000002,T000249,datapipe-sequential-photo,photo,25,25,photo,low,TRY?,didnt_manage,manage,negative,True,True,232659,299070,52551,TRY?|P?|NAT,87,0.87,66,0.66,88,0.88,23650,22,woman,associate,english-only,united-states,,include,,include,main-exp-1.0.0
record_000344.json,U000825,main-experiment,main-experiment-photo-1.2.0,main,P000511,S000002,T000839,datapipe-sequential-photo,photo,11,11,photo,high,TRY?,didnt_fail,fail,negative,True,True,19562,7396,98902,P?|TRY?|NAT,98,0.98,98,0.98,13,0.13,25084,64,man,bachelor,english-only,united-kingdom,,include,,include,main-exp-1.0.0
record_000348.json,U001133,main-experiment,main-experiment-photo-1.2.0,main,P000780,S000002,T000590,datapipe-sequential-photo,photo,27,27,photo,low,TRY?,didnt_fail,fail,negative,True,True,4621,6668,31734,TRY?|P?|NAT,0,0.0,0,0.0,17,0.17,17833,32,woman,bachelor,english-only,canada,,include,,include,main-exp-1.0.0
record_000349.json,U000023,main-experiment,main-experiment-photo-1.2.0,main,P001070,S000002,T000647,datapipe-sequential-photo,photo,16,16,photo,low,P?,managed,manage,positive,True,True,5696,10102,49964,TRY?|P?|NAT,83,0.83,100,1.0,100,1.0,34462,57,man,high-school,english-only,united-kingdom,,include,,include,main-exp-1.0.0
record_000357.json,U000622,main-experiment,main-experiment-photo-1.2.0,main,P000752,S000002,T000733,datapipe-sequential-photo,photo,13,13,photo,high,TRY?,didnt,simple,negative,False,True,5058,8351,47757,P?|TRY?|NAT,21,0.21,21,0.21,79,0.79,13092,34,woman,bachelor,english-only,united-kingdom,,include,,include,main-exp-1.0.0
record_000359.json,U000722,main-experiment,main-experiment-photo-1.2.0,main,P000324,S000002,T000419,datapipe-sequential-photo,photo,8,8,photo,high,TRY?,managed,manage,positive,True,True,7957,5360,38278,TRY?|P?|NAT,72,0.72,65,0.65,54,0.54,17735,31,man,bachelor,english-only,united-kingdom,,include,,include,main-exp-1.0.0
record_000362.json,U000276,main-experiment,main-experiment-photo-1.2.0,main,P001258,S000002,T001233,datapipe-sequential-photo,photo,26,26,photo,low,TRY?,failed,fail,positive,True,True,7864,48919,122018,P?|TRY?|NAT,11,0.11,10,0.1,34,0.34,43520,34,man,bachelor,english-only,united-states,,include,,include,main-exp-1.0.0
record_000364.json,U000712,main-experiment,main-experiment-photo-1.2.0,main,P000570,S000002,T000014,datapipe-sequential-photo,photo,3,3,photo,high,P?,didnt_fail,fail,negative,True,True,2637,2011,62714,TRY?|P?|NAT,64,0.64,82,0.82,93,0.93,15643,55,man,high-school,english-only,united-states,,include,,include,main-exp-1.0.0
record_000368.json,U000759,main-experiment,main-experiment-photo-1.2.0,main,P000038,S000002,T001280,datapipe-sequential-photo,photo,25,25,photo,low,TRY?,didnt_manage,manage,negative,True,True,8099,7624,63934,P?|TRY?|NAT,2,0.02,2,0.02,87,0.87,49084,50,man,high-school,english-only,united-kingdom,,include,,include,main-exp-1.0.0
record_000370.json,U001099,main-experiment,main-experiment-photo-1.2.0,main,P000387,S000002,T001034,datapipe-sequential-photo,photo,31,31,photo,low,TRY?,didnt_try,try,negative,False,True,7172,5866,65021,P?|TRY?|NAT,12,0.12,12,0.12,79,0.79,18249,55,man,bachelor,english-only,united-kingdom,,include,,include,main-exp-1.0.0
record_000372.json,U000926,main-experiment,main-experiment-photo-1.2.0,main,P000403,S000002,T000661,datapipe-sequential-photo,photo,24,24,photo,low,TRY?,managed,manage,positive,True,True,12688,7059,22595,TRY?|P?|NAT,69,0.69,76,0.76,46,0.46,73623,33,woman,master,english-only,united-kingdom,,include,,include,main-exp-1.0.0
record_000373.json,U000274,main-experiment,main-experiment-photo-1.2.0,main,P000885,S000002,T000007,datapipe-sequential-photo,photo,24,24,photo,low,TRY?,managed,manage,positive,True,True,2628,2567,23168,P?|TRY?|NAT,67,0.67,34,0.34,26,0.26,14582,33,man,doctoral-professional,english-only,united-kingdom,,include,,include,main-exp-1.0.0
record_000374.json,U000363,main-experiment,main-experiment-photo-1.2.0,main,P001012,S000002,T000433,datapipe-sequential-photo,photo,5,5,photo,high,P?,didnt,simple,negative,False,True,7979,5151,50030,P?|TRY?|NAT,10,0.1,2,0.02,100,1.0,25442,62,woman,doctoral-professional,english-only,united-kingdom,,include,,include,main-exp-1.0.0
record_000375.json,U001207,main-experiment,main-experiment-photo-1.2.0,main,P000162,S000002,T000066,datapipe-sequential-photo,photo,1,1,photo,high,P?,didnt_manage,manage,negative,True,True,12942,1765,38128,TRY?|P?|NAT,31,0.31,85,0.85,87,0.87,106913,48,man,high-school,english-only,united-kingdom,,include,,include,main-exp-1.0.0
record_000376.json,U001227,main-experiment,main-experiment-photo-1.2.0,main,P000672,S000002,T000087,datapipe-sequential-photo,photo,29,29,photo,low,TRY?,didnt,simple,negative,False,True,45294,89236,88667,P?|TRY?|NAT,72,0.72,88,0.88,90,0.9,49935,33,man,master,english-only,united-kingdom,,include,,include,main-exp-1.0.0
record_000383.json,U000770,main-experiment,main-experiment-photo-1.2.0,main,P000500,S000002,T000533,datapipe-sequential-photo,photo,18,18,photo,low,P?,failed,fail,positive,True,True,4825,2962,28569,P?|TRY?|NAT,0,0.0,0,0.0,0,0.0,12300,26,woman,bachelor,english-only,united-kingdom,,include,,include,main-exp-1.0.0
record_000384.json,U000904,main-experiment,main-experiment-photo-1.2.0,main,P000821,S000002,T000221,datapipe-sequential-photo,photo,10,10,photo,high,TRY?,failed,fail,positive,True,True,3523,34380,55586,TRY?|P?|NAT,100,1.0,31,0.31,92,0.92,15324,72,man,some-college,english-only,united-states,,include,,include,main-exp-1.0.0
record_000385.json,U001186,main-experiment,main-experiment-photo-1.2.0,main,P000410,S000002,T001179,datapipe-sequential-photo,photo,20,20,photo,low,P?,did,simple,positive,False,True,43736,28074,90103,TRY?|P?|NAT,100,1.0,100,1.0,94,0.94,158675,31,man,master,english-and-other,united-kingdom,,include,,include,main-exp-1.0.0
record_000387.json,U000707,main-experiment,main-experiment-photo-1.2.0,main,P000693,S000002,T000717,datapipe-sequential-photo,photo,24,24,photo,low,TRY?,managed,manage,positive,True,True,4711,3161,23238,TRY?|P?|NAT,77,0.77,68,0.68,18,0.18,218202,21,man,bachelor,english-only,united-kingdom,,include,,include,main-exp-1.0.0
record_000388.json,U000391,main-experiment,main-experiment-photo-1.2.0,main,P000392,S000002,T000695,datapipe-sequential-photo,photo,29,29,photo,low,TRY?,didnt,simple,negative,False,True,7911,3573,38593,TRY?|P?|NAT,100,1.0,100,1.0,0,0.0,16119,33,woman,some-college,english-only,united-kingdom,,include,,include,main-exp-1.0.0
record_000393.json,U000134,main-experiment,main-experiment-photo-1.2.0,main,P001281,S000002,T000631,datapipe-sequential-photo,photo,13,13,photo,high,TRY?,didnt,simple,negative,False,True,3208,5557,49039,P?|TRY?|NAT,67,0.67,0,0.0,72,0.72,28903,61,man,less-than-high-school,english-only,united-kingdom,,include,,include,main-exp-1.0.0
record_000395.json,U001288,main-experiment,main-experiment-photo-1.2.0,main,P000761,S000002,T000881,datapipe-sequential-photo,photo,10,10,photo,high,TRY?,failed,fail,positive,True,True,4024,6201,44909,TRY?|P?|NAT,50,0.5,9,0.09,87,0.87,14358,40,man,master,english-only,united-states,,include,,include,main-exp-1.0.0
record_000397.json,U000105,main-experiment,main-experiment-photo-1.2.0,main,P001135,S000002,T001248,datapipe-sequential-photo,photo,11,11,photo,high,TRY?,didnt_fail,fail,negative,True,True,3675,1948,9582,TRY?|P?|NAT,65,0.65,61,0.61,62,0.62,20200,39,man,master,english-only,united-states,,include,,include,main-exp-1.0.0
record_000398.json,U001213,main-experiment,main-experiment-photo-1.2.0,main,P000614,S000002,T000941,datapipe-sequential-photo,photo,22,22,photo,low,P?,tried,try,positive,False,True,20339,10955,59271,TRY?|P?|NAT,10,0.1,15,0.15,64,0.64,28667,46,woman,bachelor,english-only,united-kingdom,,include,,include,main-exp-1.0.0
record_000399.json,U001015,main-experiment,main-experiment-photo-1.2.0,main,P000907,S000002,T000608,datapipe-sequential-photo,photo,4,4,photo,high,P?,did,simple,positive,False,True,1847,6501,35904,TRY?|P?|NAT,94,0.94,95,0.95,61,0.61,15547,36,woman,master,english-only,united-kingdom,,include,,include,main-exp-1.0.0
record_000402.json,U000009,main-experiment,main-experiment-photo-1.2.0,main,P000085,S000002,T000488,datapipe-sequential-photo,photo,30,30,photo,low,TRY?,tried,try,positive,False,True,2050,2036,83336,TRY?|P?|NAT,99,0.99,98,0.98,99,0.99,32416,28,woman,bachelor,english-only,united-states,,include,,include,main-exp-1.0.0
record_000403.json,U000568,main-experiment,main-experiment-photo-1.2.0,main,P000498,S000002,T000091,datapipe-sequential-photo,photo,6,6,photo,high,P?,tried,try,positive,False,True,2547,995,17030,P?|TRY?|NAT,78,0.78,100,1.0,60,0.6,13600,38,woman,some-college,english-only,united-kingdom,,include,,include,main-exp-1.0.0
record_000407.json,U001290,main-experiment,main-experiment-photo-1.2.0,main,P001286,S000002,T000033,datapipe-sequential-photo,photo,28,28,photo,low,TRY?,did,simple,positive,False,True,16579,5822,56954,P?|TRY?|NAT,92,0.92,91,0.91,99,0.99,17739,36,man,bachelor,english-only,united-kingdom,,include,,include,main-exp-1.0.0
record_000409.json,U000591,main-experiment,main-experiment-photo-1.2.0,main,P000082,S000002,T001274,datapipe-sequential-photo,photo,25,25,photo,low,TRY?,didnt_manage,manage,negative,True,True,4109,2895,56572,P?|TRY?|NAT,0,0.0,1,0.01,23,0.23,17189,56,man,master,english-only,united-states,,include,,include,main-exp-1.0.0
record_000410.json,U000776,main-experiment,main-experiment-photo-1.2.0,main,P001165,S000002,T000781,datapipe-sequential-photo,photo,7,7,photo,high,P?,didnt_try,try,negative,False,True,28970,6210,34340,P?|TRY?|NAT,0,0.0,0,0.0,17,0.17,22625,39,woman,some-college,english-only,united-kingdom,,include,,include,main-exp-1.0.0
record_000413.json,U000163,main-experiment,main-experiment-photo-1.2.0,main,P000350,S000002,T000238,datapipe-sequential-photo,photo,2,2,photo,high,P?,failed,fail,positive,True,True,40588,18701,106354,P?|TRY?|NAT,0,0.0,0,0.0,100,1.0,26954,70,woman,some-college,english-only,united-states,,include,,include,main-exp-1.0.0
record_000416.json,U000380,main-experiment,main-experiment-photo-1.2.0,main,P000623,S000002,T000286,datapipe-sequential-photo,photo,15,15,photo,high,TRY?,didnt_try,try,negative,False,True,41865,23230,69163,TRY?|P?|NAT,26,0.26,4,0.04,13,0.13,13655,40,man,master,english-only,united-states,,include,,include,main-exp-1.0.0
record_000417.json,U001143,main-experiment,main-experiment-photo-1.2.0,main,P001195,S000002,T000802,datapipe-sequential-photo,photo,5,5,photo,high,P?,didnt,simple,negative,False,True,1398,1042,24271,TRY?|P?|NAT,15,0.15,14,0.14,34,0.34,10911,24,woman,bachelor,english-only,united-kingdom,,include,,include,main-exp-1.0.0
record_000421.json,U000560,main-experiment,main-experiment-photo-1.2.0,main,P000739,S000002,T000031,datapipe-sequential-photo,photo,31,31,photo,low,TRY?,didnt_try,try,negative,False,True,69352,2262,23222,P?|TRY?|NAT,38,0.38,19,0.19,11,0.11,91912,22,man,bachelor,english-only,united-states,,include,,include,main-exp-1.0.0
record_000422.json,U000002,main-experiment,main-experiment-photo-1.2.0,main,P000663,S000002,T000194,datapipe-sequential-photo,photo,10,10,photo,high,TRY?,failed,fail,positive,True,True,3306,8774,52831,TRY?|P?|NAT,69,0.69,25,0.25,72,0.72,26479,31,woman,associate,english-only,canada,,include,,include,main-exp-1.0.0
record_000423.json,U000416,main-experiment,main-experiment-photo-1.2.0,main,P000859,S000002,T000811,datapipe-sequential-photo,photo,28,28,photo,low,TRY?,did,simple,positive,False,True,61043,5108,34833,TRY?|P?|NAT,12,0.12,3,0.03,0,0.0,13643,42,man,bachelor,english-only,united-states,,include,,include,main-exp-1.0.0
record_000428.json,U000921,main-experiment,main-experiment-photo-1.2.0,main,P000643,S000002,T000110,datapipe-sequential-photo,photo,16,16,photo,low,P?,managed,manage,positive,True,True,15296,4945,62609,P?|TRY?|NAT,50,0.5,54,0.54,54,0.54,18124,53,man,some-college,english-only,united-kingdom,,include,,include,main-exp-1.0.0
record_000432.json,U001203,main-experiment,main-experiment-photo-1.2.0,main,P000280,S000002,T000833,datapipe-sequential-photo,photo,2,2,photo,high,P?,failed,fail,positive,True,True,11456,5079,43788,P?|TRY?|NAT,32,0.32,19,0.19,42,0.42,11323,40,man,bachelor,english-only,australia,,include,,include,main-exp-1.0.0
record_000433.json,U000096,main-experiment,main-experiment-photo-1.2.0,main,P001003,S000002,T000483,datapipe-sequential-photo,photo,18,18,photo,low,P?,failed,fail,positive,True,True,20829,5205,52354,TRY?|P?|NAT,20,0.2,26,0.26,20,0.2,21438,76,woman,master,english-only,united-states,,include,,include,main-exp-1.0.0
record_000440.json,U000639,main-experiment,main-experiment-photo-1.2.0,main,P001158,S000002,T000206,datapipe-sequential-photo,photo,12,12,photo,high,TRY?,did,simple,positive,False,True,3264,1059,52533,P?|TRY?|NAT,68,0.68,12,0.12,20,0.2,15223,44,woman,high-school,english-only,united-kingdom,,include,,include,main-exp-1.0.0
record_000441.json,U000339,main-experiment,main-experiment-photo-1.2.0,main,P000327,S000002,T000273,datapipe-sequential-photo,photo,6,6,photo,high,P?,tried,try,positive,False,True,40291,2661,55639,TRY?|P?|NAT,100,1.0,46,0.46,60,0.6,19207,42,woman,bachelor,english-only,united-kingdom,,include,,include,main-exp-1.0.0
record_000442.json,U000186,main-experiment,main-experiment-photo-1.2.0,main,P001171,S000002,T000778,datapipe-sequential-photo,photo,30,30,photo,low,TRY?,tried,try,positive,False,True,2245,1095,33286,TRY?|P?|NAT,0,0.0,0,0.0,14,0.14,12834,32,woman,bachelor,english-and-other,united-states,,include,,include,main-exp-1.0.0
record_000445.json,U000766,main-experiment,main-experiment-photo-1.2.0,main,P000395,S000002,T000543,datapipe-sequential-photo,photo,2,2,photo,high,P?,failed,fail,positive,True,True,10224,4757,77103,P?|TRY?|NAT,50,0.5,51,0.51,0,0.0,12932,33,woman,some-college,english-only,united-states,,include,,include,main-exp-1.0.0
record_000449.json,U001002,main-experiment,main-experiment-photo-1.2.0,main,P000147,S000002,T001259,datapipe-sequential-photo,photo,9,9,photo,high,TRY?,didnt_manage,manage,negative,True,True,8072,4848,38349,P?|TRY?|NAT,13,0.13,21,0.21,48,0.48,17153,45,man,some-college,english-only,united-states,,include,,include,main-exp-1.0.0
record_000450.json,U000525,main-experiment,main-experiment-photo-1.2.0,main,P000242,S000002,T001056,datapipe-sequential-photo,photo,16,16,photo,low,P?,managed,manage,positive,True,True,2398,28815,37480,P?|TRY?|NAT,96,0.96,94,0.94,6,0.06,13341,39,woman,associate,english-only,united-states,,include,,include,main-exp-1.0.0
record_000451.json,U000008,main-experiment,main-experiment-photo-1.2.0,main,P000844,S000002,T000922,datapipe-sequential-photo,photo,17,17,photo,low,P?,didnt_manage,manage,negative,True,True,5523,1384,68332,TRY?|P?|NAT,83,0.83,2,0.02,73,0.73,21804,41,woman,some-college,english-only,united-states,,include,,include,main-exp-1.0.0
record_000457.json,U000423,main-experiment,main-experiment-photo-1.2.0,main,P000404,S000002,T001096,datapipe-sequential-photo,photo,9,9,photo,high,TRY?,didnt_manage,manage,negative,True,True,12132,9147,50133,TRY?|P?|NAT,49,0.49,0,0.0,41,0.41,14451,65,woman,high-school,english-only,united-states,,include,,include,main-exp-1.0.0
record_000461.json,U000899,main-experiment,main-experiment-photo-1.2.0,main,P001097,S000002,T001266,datapipe-sequential-photo,photo,5,5,photo,high,P?,didnt,simple,negative,False,True,6768,1903,104432,TRY?|P?|NAT,18,0.18,49,0.49,38,0.38,24905,47,woman,bachelor,english-only,united-kingdom,,include,,include,main-exp-1.0.0
record_000462.json,U000667,main-experiment,main-experiment-photo-1.2.0,main,P001199,S000002,T001123,datapipe-sequential-photo,photo,21,21,photo,low,P?,didnt,simple,negative,False,True,4758,1149,31606,TRY?|P?|NAT,0,0.0,0,0.0,100,1.0,17578,18,man,high-school,english-only,united-kingdom,,include,,include,main-exp-1.0.0
record_000464.json,U000927,main-experiment,main-experiment-photo-1.2.0,main,P000666,S000002,T001000,datapipe-sequential-photo,photo,15,15,photo,high,TRY?,didnt_try,try,negative,False,True,32848,6630,134702,P?|TRY?|NAT,0,0.0,0,0.0,100,1.0,56086,35,man,master,english-only,canada,,include,,include,main-exp-1.0.0
record_000466.json,U000936,main-experiment,main-experiment-photo-1.2.0,main,P000401,S000002,T000957,datapipe-sequential-photo,photo,16,16,photo,low,P?,managed,manage,positive,True,True,20790,951,100275,TRY?|P?|NAT,31,0.31,90,0.9,60,0.6,21778,31,woman,associate,english-only,united-states,,include,,include,main-exp-1.0.0
record_000471.json,U000464,main-experiment,main-experiment-photo-1.2.0,main,P000448,S000002,T000398,datapipe-sequential-photo,photo,2,2,photo,high,P?,failed,fail,positive,True,True,5035,4183,24407,P?|TRY?|NAT,0,0.0,0,0.0,19,0.19,15557,32,woman,bachelor,english-only,united-kingdom,,include,,include,main-exp-1.0.0
record_000472.json,U000001,main-experiment,main-experiment-photo-1.2.0,main,P000826,S000002,T001091,datapipe-sequential-photo,photo,15,15,photo,high,TRY?,didnt_try,try,negative,False,True,1981,2238,43616,P?|TRY?|NAT,15,0.15,0,0.0,77,0.77,14505,22,man,some-college,english-only,united-states,,include,,include,main-exp-1.0.0
record_000477.json,U000750,main-experiment,main-experiment-photo-1.2.0,main,P000727,S000002,T000911,datapipe-sequential-photo,photo,2,2,photo,high,P?,failed,fail,positive,True,True,20626,1821,37882,P?|TRY?|NAT,61,0.61,0,0.0,0,0.0,17221,32,man,some-college,english-only,united-kingdom,,include,,include,main-exp-1.0.0
record_000480.json,U000556,main-experiment,main-experiment-photo-1.2.0,main,P000834,S000002,T000113,datapipe-sequential-photo,photo,29,29,photo,low,TRY?,didnt,simple,negative,False,True,257599,9896,125509,P?|TRY?|NAT,0,0.0,0,0.0,46,0.46,49239,33,man,bachelor,english-and-other,canada,,include,,include,main-exp-1.0.0
record_000482.json,U000251,main-experiment,main-experiment-photo-1.2.0,main,P000453,S000002,T000530,datapipe-sequential-photo,photo,19,19,photo,low,P?,didnt_fail,fail,negative,True,True,56726,36826,93339,P?|TRY?|NAT,91,0.91,91,0.91,9,0.09,24864,50,woman,bachelor,english-only,united-states,,include,,include,main-exp-1.0.0
record_000483.json,U000066,main-experiment,main-experiment-photo-1.2.0,main,P000538,S000002,T000177,datapipe-sequential-photo,photo,24,24,photo,low,TRY?,managed,manage,positive,True,True,3750,3852,120399,TRY?|P?|NAT,93,0.93,82,0.82,74,0.74,32716,53,man,doctoral-professional,english-only,united-states,,include,,include,main-exp-1.0.0
record_000484.json,U000532,main-experiment,main-experiment-photo-1.2.0,main,P000681,S000002,T000550,datapipe-sequential-photo,photo,8,8,photo,high,TRY?,managed,manage,positive,True,True,5554,1854,73186,P?|TRY?|NAT,96,0.96,97,0.97,99,0.99,13057,32,man,bachelor,english-only,united-states,,include,,include,main-exp-1.0.0
record_000485.json,U000730,main-experiment,main-experiment-photo-1.2.0,main,P000459,S000002,T000587,datapipe-sequential-photo,photo,4,4,photo,high,P?,did,simple,positive,False,True,4994,8150,47410,P?|TRY?|NAT,98,0.98,86,0.86,82,0.82,26239,32,man,high-school,english-only,united-states,,include,,include,main-exp-1.0.0
record_000486.json,U000569,main-experiment,main-experiment-photo-1.2.0,main,P000740,S000002,T000303,datapipe-sequential-photo,photo,23,23,photo,low,P?,didnt_try,try,negative,False,True,64790,6235,33743,P?|TRY?|NAT,0,0.0,0,0.0,100,1.0,25113,33,non-binary,high-school,english-only,united-states,,include,,include,main-exp-1.0.0
record_000487.json,U000075,main-experiment,main-experiment-photo-1.2.0,main,P000896,S000002,T000042,datapipe-sequential-photo,photo,28,28,photo,low,TRY?,did,simple,positive,False,True,21693,8670,116385,TRY?|P?|NAT,82,0.82,84,0.84,58,0.58,13834,35,woman,associate,english-only,canada,,include,,include,main-exp-1.0.0
record_000490.json,U000126,main-experiment,main-experiment-photo-1.2.0,main,P000132,S000002,T000956,datapipe-sequential-photo,photo,10,10,photo,high,TRY?,failed,fail,positive,True,True,68557,6380,36897,TRY?|P?|NAT,0,0.0,0,0.0,74,0.74,19714,37,woman,bachelor,english-only,united-states,,include,,include,main-exp-1.0.0
record_000494.json,U000095,main-experiment,main-experiment-photo-1.2.0,main,P001015,S000002,T000869,datapipe-sequential-photo,photo,0,0,photo,high,P?,managed,manage,positive,True,True,3336,1242,29012,TRY?|P?|NAT,100,1.0,100,1.0,63,0.63,13486,32,man,bachelor,english-only,united-states,,include,,include,main-exp-1.0.0
record_000500.json,U001082,main-experiment,main-experiment-photo-1.2.0,main,P000496,S000002,T000622,datapipe-sequential-photo,photo,0,0,photo,high,P?,managed,manage,positive,True,True,7338,5327,40593,P?|TRY?|NAT,60,0.6,100,1.0,100,1.0,13596,38,man,associate,english-only,united-states,,include,,include,main-exp-1.0.0
record_000501.json,U000404,main-experiment,main-experiment-photo-1.2.0,main,P000022,S000002,T000948,datapipe-sequential-photo,photo,29,29,photo,low,TRY?,didnt,simple,negative,False,True,3899,1633,68457,TRY?|P?|NAT,5,0.05,11,0.11,68,0.68,20502,38,woman,bachelor,english-only,canada,,include,,include,main-exp-1.0.0
record_000503.json,U000415,main-experiment,main-experiment-photo-1.2.0,main,P000760,S000002,T000288,datapipe-sequential-photo,photo,22,22,photo,low,P?,tried,try,positive,False,True,2144,42705,55439,TRY?|P?|NAT,30,0.3,22,0.22,35,0.35,11232,34,woman,high-school,english-only,united-states,,include,,include,main-exp-1.0.0
record_000504.json,U000445,main-experiment,main-experiment-photo-1.2.0,main,P000822,S000002,T000320,datapipe-sequential-photo,photo,30,30,photo,low,TRY?,tried,try,positive,False,True,2326,6917,59906,TRY?|P?|NAT,100,1.0,89,0.89,89,0.89,20049,23,woman,bachelor,english-only,united-states,,include,,include,main-exp-1.0.0
record_000507.json,U001064,main-experiment,main-experiment-photo-1.2.0,main,P001095,S000002,T000736,datapipe-sequential-photo,photo,5,5,photo,high,P?,didnt,simple,negative,False,True,4738,899,31915,P?|TRY?|NAT,18,0.18,18,0.18,89,0.89,14779,41,woman,bachelor,english-only,united-kingdom,,include,,include,main-exp-1.0.0
record_000509.json,U000740,main-experiment,main-experiment-photo-1.2.0,main,P001047,S000002,T001230,datapipe-sequential-photo,photo,7,7,photo,high,P?,didnt_try,try,negative,False,True,2642,2371,59479,TRY?|P?|NAT,9,0.09,0,0.0,31,0.31,17607,57,man,master,english-only,united-kingdom,,include,,include,main-exp-1.0.0
record_000510.json,U000865,main-experiment,main-experiment-photo-1.2.0,main,P001206,S000002,T001260,datapipe-sequential-photo,photo,4,4,photo,high,P?,did,simple,positive,False,True,7056,6802,139780,P?|TRY?|NAT,76,0.76,80,0.8,76,0.76,35079,57,man,high-school,english-only,united-states,,include,,include,main-exp-1.0.0
record_000513.json,U000962,main-experiment,main-experiment-photo-1.2.0,main,P000335,S000002,T001112,datapipe-sequential-photo,photo,11,11,photo,high,TRY?,didnt_fail,fail,negative,True,True,2515,9667,42215,P?|TRY?|NAT,86,0.86,96,0.96,17,0.17,17311,33,woman,some-college,english-only,united-states,,include,,include,main-exp-1.0.0
record_000514.json,U000671,main-experiment,main-experiment-photo-1.2.0,main,P000888,S000002,T000343,datapipe-sequential-photo,photo,13,13,photo,high,TRY?,didnt,simple,negative,False,True,167276,1797,49596,TRY?|P?|NAT,6,0.06,2,0.02,64,0.64,21544,58,woman,master,english-only,united-states,,include,,include,main-exp-1.0.0
record_000517.json,U000817,main-experiment,main-experiment-photo-1.2.0,main,P000227,S000002,T000090,datapipe-sequential-photo,photo,31,31,photo,low,TRY?,didnt_try,try,negative,False,True,97991,6099,73252,TRY?|P?|NAT,18,0.18,11,0.11,22,0.22,14983,44,woman,bachelor,english-only,united-kingdom,,include,,include,main-exp-1.0.0
record_000520.json,U000500,main-experiment,main-experiment-photo-1.2.0,main,P001111,S000002,T000315,datapipe-sequential-photo,photo,26,26,photo,low,TRY?,failed,fail,positive,True,True,1853,2365,101557,TRY?|P?|NAT,12,0.12,0,0.0,9,0.09,21627,63,man,bachelor,english-and-other,united-states,,include,,include,main-exp-1.0.0
record_000523.json,U001192,main-experiment,main-experiment-photo-1.2.0,main,P000612,S000002,T001198,datapipe-sequential-photo,photo,30,30,photo,low,TRY?,tried,try,positive,False,True,5242,18947,38291,P?|TRY?|NAT,0,0.0,0,0.0,1,0.01,15345,33,woman,bachelor,english-only,canada,,include,,include,main-exp-1.0.0
record_000524.json,U001058,main-experiment,main-experiment-photo-1.2.0,main,P000720,S000002,T000251,datapipe-sequential-photo,photo,17,17,photo,low,P?,didnt_manage,manage,negative,True,True,5490,3280,41255,P?|TRY?|NAT,22,0.22,21,0.21,0,0.0,20335,43,man,bachelor,english-only,canada,,include,,include,main-exp-1.0.0
record_000525.json,U000593,main-experiment,main-experiment-photo-1.2.0,main,P001263,S000002,T000840,datapipe-sequential-photo,photo,16,16,photo,low,P?,managed,manage,positive,True,True,2068,1700,27718,P?|TRY?|NAT,86,0.86,72,0.72,92,0.92,12545,38,man,bachelor,english-only,united-states,,include,,include,main-exp-1.0.0
record_000530.json,U001156,main-experiment,main-experiment-photo-1.2.0,main,P001026,S000002,T001138,datapipe-sequential-photo,photo,12,12,photo,high,TRY?,did,simple,positive,False,True,8664,2423,46194,TRY?|P?|NAT,78,0.78,74,0.74,91,0.91,19024,47,man,master,english-only,united-kingdom,,include,,include,main-exp-1.0.0
record_000532.json,U001268,main-experiment,main-experiment-photo-1.2.0,main,P000208,S000002,T000967,datapipe-sequential-photo,photo,16,16,photo,low,P?,managed,manage,positive,True,True,3036,7054,44248,P?|TRY?|NAT,100,1.0,82,0.82,4,0.04,28881,38,man,master,english-only,united-kingdom,,include,,include,main-exp-1.0.0
record_000533.json,U001052,main-experiment,main-experiment-photo-1.2.0,main,P000231,S000002,T000231,datapipe-sequential-photo,photo,6,6,photo,high,P?,tried,try,positive,False,True,2787,25458,100981,P?|TRY?|NAT,100,1.0,1,0.01,35,0.35,16121,42,woman,high-school,english-only,united-states,,include,,include,main-exp-1.0.0
record_000539.json,U001179,main-experiment,main-experiment-photo-1.2.0,main,P000533,S000002,T000135,datapipe-sequential-photo,photo,3,3,photo,high,P?,didnt_fail,fail,negative,True,True,4832,56658,49074,TRY?|P?|NAT,85,0.85,93,0.93,13,0.13,10052,29,man,bachelor,english-only,united-kingdom,,include,,include,main-exp-1.0.0
record_000543.json,U000040,main-experiment,main-experiment-photo-1.2.0,main,P000381,S000002,T001141,datapipe-sequential-photo,photo,17,17,photo,low,P?,didnt_manage,manage,negative,True,True,23221,5454,140593,TRY?|P?|NAT,23,0.23,0,0.0,38,0.38,33364,62,woman,bachelor,english-only,united-kingdom,,include,,include,main-exp-1.0.0
record_000544.json,U000691,main-experiment,main-experiment-photo-1.2.0,main,P001179,S000002,T000602,datapipe-sequential-photo,photo,21,21,photo,low,P?,didnt,simple,negative,False,True,7711,2238,73735,TRY?|P?|NAT,0,0.0,0,0.0,100,1.0,15863,31,man,master,english-only,united-kingdom,,include,,include,main-exp-1.0.0
record_000545.json,U000734,main-experiment,main-experiment-photo-1.2.0,main,P001277,S000002,T000444,datapipe-sequential-photo,photo,10,10,photo,high,TRY?,failed,fail,positive,True,True,8984,2023,91942,TRY?|P?|NAT,15,0.15,14,0.14,28,0.28,17504,42,woman,bachelor,english-only,united-kingdom,,include,,include,main-exp-1.0.0
record_000546.json,U000439,main-experiment,main-experiment-photo-1.2.0,main,P001270,S000002,T000770,datapipe-sequential-photo,photo,17,17,photo,low,P?,didnt_manage,manage,negative,True,True,2805,1086,40091,TRY?|P?|NAT,13,0.13,3,0.03,49,0.49,18660,33,woman,some-college,english-only,united-kingdom,,include,,include,main-exp-1.0.0
record_000548.json,U000205,main-experiment,main-experiment-photo-1.2.0,main,P000073,S000002,T000621,datapipe-sequential-photo,photo,3,3,photo,high,P?,didnt_fail,fail,negative,True,True,11389,756,78831,TRY?|P?|NAT,5,0.05,16,0.16,4,0.04,23890,30,man,bachelor,english-and-other,united-kingdom,,include,,include,main-exp-1.0.0
record_000551.json,U000774,main-experiment,main-experiment-photo-1.2.0,main,P000545,S000002,T001172,datapipe-sequential-photo,photo,26,26,photo,low,TRY?,failed,fail,positive,True,True,7756,3508,29642,TRY?|P?|NAT,5,0.05,34,0.34,33,0.33,12981,32,man,high-school,english-only,united-kingdom,,include,,include,main-exp-1.0.0
record_000556.json,U000142,main-experiment,main-experiment-photo-1.2.0,main,P000680,S000002,T000954,datapipe-sequential-photo,photo,24,24,photo,low,TRY?,managed,manage,positive,True,True,6120,7201,56964,TRY?|P?|NAT,88,0.88,88,0.88,85,0.85,23500,43,man,master,english-only,united-kingdom,,include,,include,main-exp-1.0.0
record_000557.json,U000845,main-experiment,main-experiment-photo-1.2.0,main,P000648,S000002,T001095,datapipe-sequential-photo,photo,19,19,photo,low,P?,didnt_fail,fail,negative,True,True,4829,5012,45286,P?|TRY?|NAT,100,1.0,100,1.0,0,0.0,23418,56,man,associate,english-only,canada,,include,,include,main-exp-1.0.0
record_000559.json,U000059,main-experiment,main-experiment-photo-1.2.0,main,P000326,S000002,T000106,datapipe-sequential-photo,photo,18,18,photo,low,P?,failed,fail,positive,True,True,167897,7241,101423,TRY?|P?|NAT,87,0.87,0,0.0,53,0.53,36081,32,man,bachelor,english-only,united-states,,include,,include,main-exp-1.0.0
record_000560.json,U001103,main-experiment,main-experiment-photo-1.2.0,main,P000125,S000002,T000768,datapipe-sequential-photo,photo,7,7,photo,high,P?,didnt_try,try,negative,False,True,2914,5200,51505,TRY?|P?|NAT,54,0.54,39,0.39,39,0.39,11857,22,woman,high-school,english-only,united-kingdom,,include,,include,main-exp-1.0.0
record_000563.json,U000479,main-experiment,main-experiment-photo-1.2.0,main,P000253,S000002,T000436,datapipe-sequential-photo,photo,23,23,photo,low,P?,didnt_try,try,negative,False,True,3315,6697,40158,P?|TRY?|NAT,6,0.06,18,0.18,60,0.6,15561,31,man,bachelor,english-and-other,united-states,,include,,include,main-exp-1.0.0
record_000566.json,U000378,main-experiment,main-experiment-photo-1.2.0,main,P000293,S000002,T000077,datapipe-sequential-photo,photo,3,3,photo,high,P?,didnt_fail,fail,negative,True,True,3552,1280,70248,TRY?|P?|NAT,100,1.0,100,1.0,30,0.3,14825,53,man,some-college,english-only,united-kingdom,,include,,include,main-exp-1.0.0
record_000567.json,U000732,main-experiment,main-experiment-photo-1.2.0,main,P000719,S000002,T000259,datapipe-sequential-photo,photo,28,28,photo,low,TRY?,did,simple,positive,False,True,39586,5854,61191,P?|TRY?|NAT,100,1.0,100,1.0,100,1.0,42767,46,woman,bachelor,english-only,united-states,,include,,include,main-exp-1.0.0
record_000570.json,U000738,main-experiment,main-experiment-photo-1.2.0,main,P000550,S000002,T000372,datapipe-sequential-photo,photo,24,24,photo,low,TRY?,managed,manage,positive,True,True,21041,6477,154210,P?|TRY?|NAT,53,0.53,53,0.53,55,0.55,27241,30,man,master,english-and-other,united-kingdom,,include,,include,main-exp-1.0.0
record_000572.json,U001115,main-experiment,main-experiment-photo-1.2.0,main,P000149,S000002,T000748,datapipe-sequential-photo,photo,21,21,photo,low,P?,didnt,simple,negative,False,True,29622,6923,61897,P?|TRY?|NAT,15,0.15,14,0.14,89,0.89,16995,56,woman,master,english-only,united-states,,include,,include,main-exp-1.0.0
record_000574.json,U000585,main-experiment,main-experiment-photo-1.2.0,main,P000575,S000002,T000457,datapipe-sequential-photo,photo,28,28,photo,low,TRY?,did,simple,positive,False,True,3525,1128,75350,TRY?|P?|NAT,9,0.09,20,0.2,63,0.63,16053,39,man,master,english-only,united-kingdom,,include,,include,main-exp-1.0.0
record_000575.json,U000088,main-experiment,main-experiment-photo-1.2.0,main,P000340,S000002,T000356,datapipe-sequential-photo,photo,28,28,photo,low,TRY?,did,simple,positive,False,True,5734,7910,55181,P?|TRY?|NAT,100,1.0,100,1.0,100,1.0,21211,32,woman,some-college,english-only,united-kingdom,,include,,include,main-exp-1.0.0
record_000580.json,U000051,main-experiment,main-experiment-photo-1.2.0,main,P000544,S000002,T000671,datapipe-sequential-photo,photo,29,29,photo,low,TRY?,didnt,simple,negative,False,True,5116,6146,123487,P?|TRY?|NAT,29,0.29,12,0.12,70,0.7,73215,49,man,bachelor,english-and-other,united-kingdom,,include,,include,main-exp-1.0.0
record_000583.json,U000435,main-experiment,main-experiment-photo-1.2.0,main,P000477,S000002,T000001,datapipe-sequential-photo,photo,7,7,photo,high,P?,didnt_try,try,negative,False,True,6827,4894,64834,P?|TRY?|NAT,61,0.61,0,0.0,63,0.63,79216,31,man,associate,english-only,united-states,,include,,include,main-exp-1.0.0
record_000587.json,U000668,main-experiment,main-experiment-photo-1.2.0,main,P000971,S000002,T001228,datapipe-sequential-photo,photo,13,13,photo,high,TRY?,didnt,simple,negative,False,True,2571,3718,64389,TRY?|P?|NAT,99,0.99,70,0.7,27,0.27,19321,48,woman,bachelor,english-only,united-kingdom,,include,,include,main-exp-1.0.0
record_000591.json,U001274,main-experiment,main-experiment-photo-1.2.0,main,P000526,S000002,T000925,datapipe-sequential-photo,photo,24,24,photo,low,TRY?,managed,manage,positive,True,True,2638,260107,29129,P?|TRY?|NAT,72,0.72,71,0.71,12,0.12,10863,40,man,bachelor,english-only,united-kingdom,,include,,include,main-exp-1.0.0
record_000593.json,U001299,main-experiment,main-experiment-photo-1.2.0,main,P000522,S000002,T000510,datapipe-sequential-photo,photo,26,26,photo,low,TRY?,failed,fail,positive,True,True,14872,2499,49859,P?|TRY?|NAT,67,0.67,57,0.57,40,0.4,15376,29,woman,master,english-and-other,canada,,include,,include,main-exp-1.0.0
record_000594.json,U000029,main-experiment,main-experiment-photo-1.2.0,main,P000543,S000002,T000531,datapipe-sequential-photo,photo,3,3,photo,high,P?,didnt_fail,fail,negative,True,True,2423,3751,34314,TRY?|P?|NAT,100,1.0,100,1.0,0,0.0,13098,44,woman,some-college,english-only,united-kingdom,,include,,include,main-exp-1.0.0
record_000596.json,U000680,main-experiment,main-experiment-photo-1.2.0,main,P000687,S000002,T000308,datapipe-sequential-photo,photo,26,26,photo,low,TRY?,failed,fail,positive,True,True,2141,2015,33091,P?|TRY?|NAT,0,0.0,0,0.0,26,0.26,14036,59,woman,bachelor,english-only,united-kingdom,,include,,include,main-exp-1.0.0
record_000597.json,U000828,main-experiment,main-experiment-photo-1.2.0,main,P000600,S000002,T000780,datapipe-sequential-photo,photo,10,10,photo,high,TRY?,failed,fail,positive,True,True,7707,6419,54345,TRY?|P?|NAT,82,0.82,13,0.13,40,0.4,16806,45,man,high-school,english-only,united-kingdom,,include,,include,main-exp-1.0.0
record_000599.json,U000898,main-experiment,main-experiment-photo-1.2.0,main,P000587,S000002,T000332,datapipe-sequential-photo,photo,12,12,photo,high,TRY?,did,simple,positive,False,True,2134,2622,43428,TRY?|P?|NAT,96,0.96,96,0.96,33,0.33,31139,44,man,master,english-only,canada,,include,,include,main-exp-1.0.0
record_000601.json,U000702,main-experiment,main-experiment-photo-1.2.0,main,P000631,S000002,T000674,datapipe-sequential-photo,photo,15,15,photo,high,TRY?,didnt_try,try,negative,False,True,12873,3287,42599,P?|TRY?|NAT,9,0.09,8,0.08,82,0.82,15031,35,woman,some-college,english-only,united-kingdom,,include,,include,main-exp-1.0.0
record_000602.json,U000631,main-experiment,main-experiment-photo-1.2.0,main,P001269,S000002,T000949,datapipe-sequential-photo,photo,31,31,photo,low,TRY?,didnt_try,try,negative,False,True,2186,3911,44133,TRY?|P?|NAT,0,0.0,0,0.0,100,1.0,28130,48,man,associate,english-only,united-states,,include,,include,main-exp-1.0.0
record_000607.json,U001280,main-experiment,main-experiment-photo-1.2.0,main,P000548,S000002,T000036,datapipe-sequential-photo,photo,0,0,photo,high,P?,managed,manage,positive,True,True,10819,24622,73857,P?|TRY?|NAT,91,0.91,75,0.75,80,0.8,24226,34,woman,bachelor,english-only,united-kingdom,,include,,include,main-exp-1.0.0
record_000609.json,U000230,main-experiment,main-experiment-photo-1.2.0,main,P001108,S000002,T000899,datapipe-sequential-photo,photo,20,20,photo,low,P?,did,simple,positive,False,True,9849,4822,38024,TRY?|P?|NAT,86,0.86,100,1.0,100,1.0,10723,38,man,bachelor,english-only,united-states,,include,,include,main-exp-1.0.0
record_000614.json,U000342,main-experiment,main-experiment-photo-1.2.0,main,P000163,S000002,T000769,datapipe-sequential-photo,photo,15,15,photo,high,TRY?,didnt_try,try,negative,False,True,24709,10737,80133,TRY?|P?|NAT,31,0.31,31,0.31,43,0.43,33743,65,woman,bachelor,english-only,united-kingdom,,include,,include,main-exp-1.0.0
record_000618.json,U000541,main-experiment,main-experiment-photo-1.2.0,main,P001288,S000002,T001149,datapipe-sequential-photo,photo,2,2,photo,high,P?,failed,fail,positive,True,True,6643,5243,45352,P?|TRY?|NAT,58,0.58,0,0.0,43,0.43,31140,23,man,high-school,english-and-other,united-states,,include,,include,main-exp-1.0.0
record_000620.json,U000072,main-experiment,main-experiment-photo-1.2.0,main,P000726,S000002,T000471,datapipe-sequential-photo,photo,6,6,photo,high,P?,tried,try,positive,False,True,11751,5963,93909,P?|TRY?|NAT,64,0.64,23,0.23,28,0.28,18936,60,man,bachelor,english-only,canada,,include,,include,main-exp-1.0.0
record_000621.json,U000646,main-experiment,main-experiment-photo-1.2.0,main,P000535,S000002,T000382,datapipe-sequential-photo,photo,21,21,photo,low,P?,didnt,simple,negative,False,True,4890,7247,39519,P?|TRY?|NAT,0,0.0,0,0.0,100,1.0,28724,44,man,some-college,english-only,united-kingdom,,include,,include,main-exp-1.0.0
record_000622.json,U000154,main-experiment,main-experiment-photo-1.2.0,main,P001225,S000002,T000775,datapipe-sequential-photo,photo,14,14,photo,high,TRY?,tried,try,positive,False,True,2128,4084,30450,TRY?|P?|NAT,95,0.95,93,0.93,100,1.0,67025,50,man,high-school,english-only,united-states,,include,,include,main-exp-1.0.0
record_000625.json,U000188,main-experiment,main-experiment-photo-1.2.0,main,P000951,S000002,T000220,datapipe-sequential-photo,photo,25,25,photo,low,TRY?,didnt_manage,manage,negative,True,True,6665,12341,103382,TRY?|P?|NAT,0,0.0,0,0.0,98,0.98,49177,31,woman,master,english-and-other,canada,,include,,include,main-exp-1.0.0
record_000631.json,U000147,main-experiment,main-experiment-photo-1.2.0,main,P001130,S000002,T000138,datapipe-sequential-photo,photo,8,8,photo,high,TRY?,managed,manage,positive,True,True,2996,3169,27261,TRY?|P?|NAT,100,1.0,100,1.0,100,1.0,390281,30,man,bachelor,english-only,united-kingdom,,include,,include,main-exp-1.0.0
record_000638.json,U000074,main-experiment,main-experiment-photo-1.2.0,main,P000237,S000002,T000167,datapipe-sequential-photo,photo,1,1,photo,high,P?,didnt_manage,manage,negative,True,True,8045,27322,52580,TRY?|P?|NAT,76,0.76,3,0.03,41,0.41,16977,37,man,bachelor,english-only,united-states,,include,,include,main-exp-1.0.0
record_000639.json,U000465,main-experiment,main-experiment-photo-1.2.0,main,P000517,S000002,T000574,datapipe-sequential-photo,photo,6,6,photo,high,P?,tried,try,positive,False,True,11644,3971,53607,P?|TRY?|NAT,16,0.16,0,0.0,23,0.23,198213,33,woman,bachelor,english-only,canada,,include,,include,main-exp-1.0.0
record_000644.json,U000986,main-experiment,main-experiment-photo-1.2.0,main,P000941,S000002,T000059,datapipe-sequential-photo,photo,0,0,photo,high,P?,managed,manage,positive,True,True,8211,5241,43424,P?|TRY?|NAT,100,1.0,100,1.0,100,1.0,20411,45,woman,bachelor,english-only,united-kingdom,,include,,include,main-exp-1.0.0
record_000645.json,U001292,main-experiment,main-experiment-photo-1.2.0,main,P001042,S000002,T000441,datapipe-sequential-photo,photo,11,11,photo,high,TRY?,didnt_fail,fail,negative,True,True,24291,2457,30791,P?|TRY?|NAT,93,0.93,77,0.77,3,0.03,547482,35,man,master,english-only,united-states,,include,,include,main-exp-1.0.0
record_000646.json,U000214,main-experiment,main-experiment-photo-1.2.0,main,P000923,S000002,T000856,datapipe-sequential-photo,photo,0,0,photo,high,P?,managed,manage,positive,True,True,3901,8225,90695,TRY?|P?|NAT,79,0.79,87,0.87,34,0.34,22661,37,man,bachelor,english-only,united-states,,include,,include,main-exp-1.0.0
record_000650.json,U000700,main-experiment,main-experiment-photo-1.2.0,main,P001001,S000002,T000558,datapipe-sequential-photo,photo,15,15,photo,high,TRY?,didnt_try,try,negative,False,True,2462,9510,70530,P?|TRY?|NAT,0,0.0,0,0.0,100,1.0,32515,64,woman,some-college,english-and-other,united-states,,include,,include,main-exp-1.0.0
record_000661.json,U000197,main-experiment,main-experiment-photo-1.2.0,main,P000224,S000002,T000985,datapipe-sequential-photo,photo,31,31,photo,low,TRY?,didnt_try,try,negative,False,True,17415,1666,32961,P?|TRY?|NAT,5,0.05,7,0.07,78,0.78,11663,20,man,some-college,english-only,united-kingdom,,include,,include,main-exp-1.0.0
record_000664.json,U000837,main-experiment,main-experiment-photo-1.2.0,main,P001082,S000002,T000373,datapipe-sequential-photo,photo,22,22,photo,low,P?,tried,try,positive,False,True,12983,4713,45835,P?|TRY?|NAT,100,1.0,79,0.79,100,1.0,15583,65,man,associate,english-only,canada,,include,,include,main-exp-1.0.0
record_000665.json,U000594,main-experiment,main-experiment-photo-1.2.0,main,P000982,S000002,T000121,datapipe-sequential-photo,photo,25,25,photo,low,TRY?,didnt_manage,manage,negative,True,True,12398,5449,175590,TRY?|P?|NAT,17,0.17,0,0.0,68,0.68,55392,37,woman,bachelor,english-and-other,united-kingdom,,include,,include,main-exp-1.0.0
record_000667.json,U000114,main-experiment,main-experiment-photo-1.2.0,main,P000471,S000002,T000261,datapipe-sequential-photo,photo,30,30,photo,low,TRY?,tried,try,positive,False,True,18183,48879,79839,P?|TRY?|NAT,90,0.9,30,0.3,71,0.71,23837,59,woman,some-college,english-only,united-states,,include,,include,main-exp-1.0.0
record_000669.json,U000382,main-experiment,main-experiment-photo-1.2.0,main,P000294,S000002,T000334,datapipe-sequential-photo,photo,4,4,photo,high,P?,did,simple,positive,False,True,5469,5297,58806,TRY?|P?|NAT,70,0.7,72,0.72,24,0.24,22954,72,woman,master,english-only,united-states,,include,,include,main-exp-1.0.0
record_000670.json,U000669,main-experiment,main-experiment-photo-1.2.0,main,P000328,S000002,T001068,datapipe-sequential-photo,photo,13,13,photo,high,TRY?,didnt,simple,negative,False,True,9584,11435,56913,P?|TRY?|NAT,11,0.11,10,0.1,73,0.73,20014,23,woman,some-college,english-and-other,united-kingdom,,include,,include,main-exp-1.0.0
record_000671.json,U001238,main-experiment,main-experiment-photo-1.2.0,main,P000250,S000002,T000265,datapipe-sequential-photo,photo,16,16,photo,low,P?,managed,manage,positive,True,True,9972,1989,39534,P?|TRY?|NAT,69,0.69,70,0.7,66,0.66,50785,62,man,doctoral-professional,english-only,united-states,,include,,include,main-exp-1.0.0
record_000673.json,U001265,main-experiment,main-experiment-photo-1.2.0,main,P000300,S000002,T001305,datapipe-sequential-photo,photo,19,19,photo,low,P?,didnt_fail,fail,negative,True,True,4397,5918,61460,TRY?|P?|NAT,100,1.0,99,0.99,10,0.1,18581,41,woman,bachelor,english-only,united-kingdom,,include,,include,main-exp-1.0.0
record_000677.json,U000983,main-experiment,main-experiment-photo-1.2.0,main,P000796,S000002,T000523,datapipe-sequential-photo,photo,4,4,photo,high,P?,did,simple,positive,False,True,3321,6912,57353,P?|TRY?|NAT,68,0.68,77,0.77,15,0.15,26604,62,woman,bachelor,english-only,united-states,,include,,include,main-exp-1.0.0
record_000680.json,U000807,main-experiment,main-experiment-photo-1.2.0,main,P000368,S000002,T000130,datapipe-sequential-photo,photo,19,19,photo,low,P?,didnt_fail,fail,negative,True,True,10013,1848,43648,P?|TRY?|NAT,10,0.1,11,0.11,85,0.85,14999,36,woman,bachelor,english-only,united-states,,include,,include,main-exp-1.0.0
record_000681.json,U000020,main-experiment,main-experiment-photo-1.2.0,main,P001061,S000002,T000618,datapipe-sequential-photo,photo,5,5,photo,high,P?,didnt,simple,negative,False,True,15855,5267,107860,TRY?|P?|NAT,0,0.0,0,0.0,100,1.0,27131,52,man,bachelor,english-only,united-states,,include,,include,main-exp-1.0.0
record_000682.json,U000130,main-experiment,main-experiment-photo-1.2.0,main,P000015,S000002,T000873,datapipe-sequential-photo,photo,6,6,photo,high,P?,tried,try,positive,False,True,4041,6358,34971,P?|TRY?|NAT,100,1.0,0,0.0,100,1.0,13979,33,man,bachelor,english-only,united-states,,include,,include,main-exp-1.0.0
record_000687.json,U000535,main-experiment,main-experiment-photo-1.2.0,main,P001148,S000002,T001286,datapipe-sequential-photo,photo,27,27,photo,low,TRY?,didnt_fail,fail,negative,True,True,8137,13717,86046,TRY?|P?|NAT,90,0.9,82,0.82,4,0.04,32141,61,man,bachelor,english-only,united-kingdom,,include,,include,main-exp-1.0.0
record_000689.json,U001209,main-experiment,main-experiment-photo-1.2.0,main,P000114,S000002,T000084,datapipe-sequential-photo,photo,22,22,photo,low,P?,tried,try,positive,False,True,5518,1614,34418,TRY?|P?|NAT,94,0.94,93,0.93,92,0.92,11141,20,man,some-college,english-only,united-kingdom,,include,,include,main-exp-1.0.0
record_000694.json,U000195,main-experiment,main-experiment-photo-1.2.0,main,P001251,S000002,T000623,datapipe-sequential-photo,photo,13,13,photo,high,TRY?,didnt,simple,negative,False,True,3403,2689,48323,P?|TRY?|NAT,8,0.08,90,0.9,79,0.79,14548,32,man,bachelor,english-only,canada,,include,,include,main-exp-1.0.0
record_000695.json,U000340,main-experiment,main-experiment-photo-1.2.0,main,P001093,S000002,T000375,datapipe-sequential-photo,photo,22,22,photo,low,P?,tried,try,positive,False,True,2434,2994,32642,P?|TRY?|NAT,100,1.0,1,0.01,100,1.0,16294,27,woman,some-college,english-only,united-states,,include,,include,main-exp-1.0.0
record_000697.json,U000741,main-experiment,main-experiment-photo-1.2.0,main,P000009,S000002,T000336,datapipe-sequential-photo,photo,4,4,photo,high,P?,did,simple,positive,False,True,2348,1092,19191,P?|TRY?|NAT,99,0.99,100,1.0,100,1.0,11071,29,woman,bachelor,english-only,united-kingdom,,include,,include,main-exp-1.0.0
record_000700.json,U001261,main-experiment,main-experiment-photo-1.2.0,main,P000378,S000002,T000813,datapipe-sequential-photo,photo,25,25,photo,low,TRY?,didnt_manage,manage,negative,True,True,3173,2025,54226,P?|TRY?|NAT,11,0.11,2,0.02,61,0.61,14957,43,woman,associate,english-only,united-states,,include,,include,main-exp-1.0.0
record_000706.json,U000324,main-experiment,main-experiment-photo-1.2.0,main,P000384,S000002,T000024,datapipe-sequential-photo,photo,6,6,photo,high,P?,tried,try,positive,False,True,2033,2626,131411,P?|TRY?|NAT,73,0.73,17,0.17,63,0.63,23673,36,man,bachelor,english-and-other,united-states,,include,,include,main-exp-1.0.0
record_000714.json,U001188,main-experiment,main-experiment-photo-1.2.0,main,P000894,S000002,T000018,datapipe-sequential-photo,photo,18,18,photo,low,P?,failed,fail,positive,True,True,10580,3345,45773,TRY?|P?|NAT,10,0.1,18,0.18,22,0.22,16606,32,woman,master,english-only,united-kingdom,,include,,include,main-exp-1.0.0
record_000716.json,U000753,main-experiment,main-experiment-photo-1.2.0,main,P001055,S000002,T000722,datapipe-sequential-photo,photo,3,3,photo,high,P?,didnt_fail,fail,negative,True,True,7698,9927,47061,P?|TRY?|NAT,100,1.0,100,1.0,0,0.0,16383,72,woman,some-college,english-only,united-states,,include,,include,main-exp-1.0.0
record_000720.json,U000806,main-experiment,main-experiment-photo-1.2.0,main,P000198,S000002,T000930,datapipe-sequential-photo,photo,16,16,photo,low,P?,managed,manage,positive,True,True,2700,2455,100326,TRY?|P?|NAT,100,1.0,0,0.0,100,1.0,30079,43,woman,some-college,english-only,united-states,,include,,include,main-exp-1.0.0
record_000721.json,U000687,main-experiment,main-experiment-photo-1.2.0,main,P000537,S000002,T000982,datapipe-sequential-photo,photo,14,14,photo,high,TRY?,tried,try,positive,False,True,14078,4497,79909,P?|TRY?|NAT,65,0.65,19,0.19,37,0.37,33359,26,woman,bachelor,english-only,canada,,include,,include,main-exp-1.0.0
record_000726.json,U000131,main-experiment,main-experiment-photo-1.2.0,main,P001192,S000002,T000721,datapipe-sequential-photo,photo,1,1,photo,high,P?,didnt_manage,manage,negative,True,True,2135,6613,85233,TRY?|P?|NAT,16,0.16,12,0.12,66,0.66,33268,47,woman,bachelor,english-only,united-states,,include,,include,main-exp-1.0.0
record_000728.json,U001189,main-experiment,main-experiment-photo-1.2.0,main,P001078,S000002,T000280,datapipe-sequential-photo,photo,31,31,photo,low,TRY?,didnt_try,try,negative,False,True,15706,9479,58902,P?|TRY?|NAT,4,0.04,7,0.07,66,0.66,17257,43,man,associate,english-only,canada,,include,,include,main-exp-1.0.0
record_000729.json,U000261,main-experiment,main-experiment-photo-1.2.0,main,P001125,S000002,T001200,datapipe-sequential-photo,photo,21,21,photo,low,P?,didnt,simple,negative,False,True,6046,7106,46927,P?|TRY?|NAT,19,0.19,0,0.0,19,0.19,27005,30,man,high-school,english-only,united-kingdom,,include,,include,main-exp-1.0.0
record_000730.json,U000645,main-experiment,main-experiment-photo-1.2.0,main,P000339,S000002,T000146,datapipe-sequential-photo,photo,0,0,photo,high,P?,managed,manage,positive,True,True,9611,154964,161246,TRY?|P?|NAT,96,0.96,96,0.96,88,0.88,11045,38,woman,bachelor,english-only,united-kingdom,,include,,include,main-exp-1.0.0
record_000732.json,U001281,main-experiment,main-experiment-photo-1.2.0,main,P000479,S000002,T000632,datapipe-sequential-photo,photo,2,2,photo,high,P?,failed,fail,positive,True,True,24270,7882,72506,P?|TRY?|NAT,16,0.16,0,0.0,100,1.0,29825,65,woman,associate,english-only,united-states,,include,,include,main-exp-1.0.0
record_000734.json,U000882,main-experiment,main-experiment-photo-1.2.0,main,P000065,S000002,T000645,datapipe-sequential-photo,photo,20,20,photo,low,P?,did,simple,positive,False,True,5304,7018,39270,P?|TRY?|NAT,100,1.0,98,0.98,94,0.94,19130,55,man,high-school,english-only,united-states,,include,,include,main-exp-1.0.0
record_000735.json,U000235,main-experiment,main-experiment-photo-1.2.0,main,P000116,S000002,T000190,datapipe-sequential-photo,photo,2,2,photo,high,P?,failed,fail,positive,True,True,3485,4345,46410,TRY?|P?|NAT,88,0.88,8,0.08,11,0.11,21166,73,woman,master,english-only,united-states,,include,,include,main-exp-1.0.0
record_000736.json,U000286,main-experiment,main-experiment-photo-1.2.0,main,P000421,S000002,T000934,datapipe-sequential-photo,photo,2,2,photo,high,P?,failed,fail,positive,True,True,2378,1549,38416,P?|TRY?|NAT,63,0.63,28,0.28,19,0.19,12234,21,woman,bachelor,english-and-other,united-kingdom,,include,,include,main-exp-1.0.0
record_000738.json,U000417,main-experiment,main-experiment-photo-1.2.0,main,P001175,S000002,T001170,datapipe-sequential-photo,photo,26,26,photo,low,TRY?,failed,fail,positive,True,True,5757,10549,102031,TRY?|P?|NAT,1,0.01,1,0.01,13,0.13,17511,26,woman,high-school,english-only,united-states,,include,,include,main-exp-1.0.0
record_000747.json,U000744,main-experiment,main-experiment-photo-1.2.0,main,P000813,S000002,T000673,datapipe-sequential-photo,photo,23,23,photo,low,P?,didnt_try,try,negative,False,True,3965,11380,33092,P?|TRY?|NAT,13,0.13,8,0.08,79,0.79,19752,24,woman,bachelor,english-only,united-kingdom,,include,,include,main-exp-1.0.0
record_000749.json,U000418,main-experiment,main-experiment-photo-1.2.0,main,P001295,S000002,T000669,datapipe-sequential-photo,photo,15,15,photo,high,TRY?,didnt_try,try,negative,False,True,9668,5850,55022,P?|TRY?|NAT,67,0.67,66,0.66,18,0.18,69159,29,man,bachelor,english-only,united-kingdom,,include,,include,main-exp-1.0.0
record_000750.json,U000203,main-experiment,main-experiment-photo-1.2.0,main,P000286,S000002,T000086,datapipe-sequential-photo,photo,21,21,photo,low,P?,didnt,simple,negative,False,True,6294,4389,67128,P?|TRY?|NAT,9,0.09,6,0.06,75,0.75,18233,53,man,bachelor,english-only,united-states,,include,,include,main-exp-1.0.0
record_000751.json,U000809,main-experiment,main-experiment-photo-1.2.0,main,P000863,S000002,T000758,datapipe-sequential-photo,photo,6,6,photo,high,P?,tried,try,positive,False,True,8391,969,385766,P?|TRY?|NAT,62,0.62,0,0.0,90,0.9,13744,37,man,bachelor,english-only,united-kingdom,,include,,include,main-exp-1.0.0
record_000752.json,U001246,main-experiment,main-experiment-photo-1.2.0,main,P000674,S000002,T000929,datapipe-sequential-photo,photo,4,4,photo,high,P?,did,simple,positive,False,True,2703,1925,23664,P?|TRY?|NAT,100,1.0,100,1.0,100,1.0,14251,55,man,master,english-only,united-states,,include,,include,main-exp-1.0.0
record_000754.json,U000173,main-experiment,main-experiment-photo-1.2.0,main,P000584,S000002,T000216,datapipe-sequential-photo,photo,20,20,photo,low,P?,did,simple,positive,False,True,30047,16037,92379,P?|TRY?|NAT,49,0.49,71,0.71,86,0.86,13990,21,man,high-school,english-only,united-states,,include,,include,main-exp-1.0.0
record_000756.json,U000548,main-experiment,main-experiment-photo-1.2.0,main,P001052,S000002,T000628,datapipe-sequential-photo,photo,12,12,photo,high,TRY?,did,simple,positive,False,True,5028,8477,64527,P?|TRY?|NAT,97,0.97,95,0.95,96,0.96,18503,54,woman,high-school,english-only,united-states,,include,,include,main-exp-1.0.0
record_000758.json,U000052,main-experiment,main-experiment-photo-1.2.0,main,P000451,S000002,T000013,datapipe-sequential-photo,photo,11,11,photo,high,TRY?,didnt_fail,fail,negative,True,True,13026,16477,81225,P?|TRY?|NAT,100,1.0,100,1.0,0,0.0,13114,23,woman,bachelor,english-only,united-kingdom,,include,,include,main-exp-1.0.0
record_000759.json,U000128,main-experiment,main-experiment-photo-1.2.0,main,P000910,S000002,T001256,datapipe-sequential-photo,photo,2,2,photo,high,P?,failed,fail,positive,True,True,4179,5190,24251,TRY?|P?|NAT,15,0.15,9,0.09,72,0.72,12669,42,man,bachelor,english-only,united-states,,include,,include,main-exp-1.0.0
record_000761.json,U000710,main-experiment,main-experiment-photo-1.2.0,main,P000647,S000002,T001254,datapipe-sequential-photo,photo,31,31,photo,low,TRY?,didnt_try,try,negative,False,True,6147,219447,140540,TRY?|P?|NAT,16,0.16,0,0.0,39,0.39,20339,42,woman,some-college,english-and-other,united-states,,include,,include,main-exp-1.0.0
record_000766.json,U000570,main-experiment,main-experiment-photo-1.2.0,main,P001296,S000002,T001134,datapipe-sequential-photo,photo,27,27,photo,low,TRY?,didnt_fail,fail,negative,True,True,3223,5705,60291,P?|TRY?|NAT,94,0.94,94,0.94,2,0.02,16029,53,woman,associate,english-only,united-states,,include,,include,main-exp-1.0.0
record_000773.json,U000519,main-experiment,main-experiment-photo-1.2.0,main,P000112,S000002,T000847,datapipe-sequential-photo,photo,8,8,photo,high,TRY?,managed,manage,positive,True,True,4478,1712,89414,P?|TRY?|NAT,86,0.86,86,0.86,70,0.7,17030,45,man,bachelor,english-only,united-kingdom,,include,,include,main-exp-1.0.0
record_000775.json,U001260,main-experiment,main-experiment-photo-1.2.0,main,P001119,S000002,T000891,datapipe-sequential-photo,photo,30,30,photo,low,TRY?,tried,try,positive,False,True,2444,6248,33651,P?|TRY?|NAT,96,0.96,78,0.78,88,0.88,64708,59,woman,associate,english-only,united-kingdom,,include,,include,main-exp-1.0.0
record_000777.json,U000440,main-experiment,main-experiment-photo-1.2.0,main,P001178,S000002,T001126,datapipe-sequential-photo,photo,12,12,photo,high,TRY?,did,simple,positive,False,True,34587,6141,61282,P?|TRY?|NAT,94,0.94,92,0.92,52,0.52,12845,34,man,bachelor,english-only,united-kingdom,,include,,include,main-exp-1.0.0
record_000778.json,U001074,main-experiment,main-experiment-photo-1.2.0,main,P000055,S000002,T000366,datapipe-sequential-photo,photo,18,18,photo,low,P?,failed,fail,positive,True,True,3053,7405,426358,TRY?|P?|NAT,0,0.0,17,0.17,41,0.41,80375,38,man,master,english-only,united-states,,include,,include,main-exp-1.0.0
record_000779.json,U000358,main-experiment,main-experiment-photo-1.2.0,main,P000620,S000002,T000658,datapipe-sequential-photo,photo,26,26,photo,low,TRY?,failed,fail,positive,True,True,22403,5076,111176,TRY?|P?|NAT,21,0.21,0,0.0,10,0.1,19259,33,woman,bachelor,english-and-other,united-kingdom,,include,,include,main-exp-1.0.0
record_000780.json,U001160,main-experiment,main-experiment-photo-1.2.0,main,P000273,S000002,T000073,datapipe-sequential-photo,photo,6,6,photo,high,P?,tried,try,positive,False,True,6426,3920,41783,TRY?|P?|NAT,100,1.0,35,0.35,22,0.22,22996,41,man,some-college,english-only,united-kingdom,,include,,include,main-exp-1.0.0
record_000783.json,U001019,main-experiment,main-experiment-photo-1.2.0,main,P000017,S000002,T001145,datapipe-sequential-photo,photo,1,1,photo,high,P?,didnt_manage,manage,negative,True,True,137006,70708,32194,P?|TRY?|NAT,2,0.02,2,0.02,98,0.98,16022,21,man,high-school,english-only,canada,,include,,include,main-exp-1.0.0
record_000786.json,U000831,main-experiment,main-experiment-photo-1.2.0,main,P000067,S000002,T001270,datapipe-sequential-photo,photo,12,12,photo,high,TRY?,did,simple,positive,False,True,3914,1617,35875,P?|TRY?|NAT,100,1.0,100,1.0,71,0.71,18163,37,woman,high-school,english-only,united-states,,include,,include,main-exp-1.0.0
record_000791.json,U000947,main-experiment,main-experiment-photo-1.2.0,main,P000764,S000002,T001220,datapipe-sequential-photo,photo,30,30,photo,low,TRY?,tried,try,positive,False,True,26537,21512,54017,P?|TRY?|NAT,75,0.75,59,0.59,63,0.63,52662,30,woman,master,english-only,united-kingdom,,include,,include,main-exp-1.0.0
record_000793.json,U000590,main-experiment,main-experiment-photo-1.2.0,main,P000170,S000002,T000821,datapipe-sequential-photo,photo,8,8,photo,high,TRY?,managed,manage,positive,True,True,5775,6395,29290,TRY?|P?|NAT,100,1.0,100,1.0,100,1.0,12647,28,man,bachelor,english-only,united-states,,include,,include,main-exp-1.0.0
record_000795.json,U001107,main-experiment,main-experiment-photo-1.2.0,main,P000786,S000002,T000794,datapipe-sequential-photo,photo,19,19,photo,low,P?,didnt_fail,fail,negative,True,True,2580,4508,49095,P?|TRY?|NAT,98,0.98,98,0.98,62,0.62,17473,53,woman,some-college,english-only,canada,,include,,include,main-exp-1.0.0
record_000798.json,U001121,main-experiment,main-experiment-photo-1.2.0,main,P000609,S000002,T001285,datapipe-sequential-photo,photo,8,8,photo,high,TRY?,managed,manage,positive,True,True,20651,5271,23685,TRY?|P?|NAT,82,0.82,82,0.82,81,0.81,10958,30,woman,bachelor,english-only,united-kingdom,,include,,include,main-exp-1.0.0
record_000801.json,U000424,main-experiment,main-experiment-photo-1.2.0,main,P001065,S000002,T000518,datapipe-sequential-photo,photo,23,23,photo,low,P?,didnt_try,try,negative,False,True,6039,7061,34917,TRY?|P?|NAT,0,0.0,0,0.0,31,0.31,15959,45,man,associate,english-only,united-states,,include,,include,main-exp-1.0.0
record_000807.json,U001230,main-experiment,main-experiment-photo-1.2.0,main,P000689,S000002,T000884,datapipe-sequential-photo,photo,9,9,photo,high,TRY?,didnt_manage,manage,negative,True,True,4125,6034,108920,P?|TRY?|NAT,26,0.26,10,0.1,84,0.84,26228,63,woman,some-college,english-only,canada,,include,,include,main-exp-1.0.0
record_000808.json,U000156,main-experiment,main-experiment-photo-1.2.0,main,P000457,S000002,T000502,datapipe-sequential-photo,photo,28,28,photo,low,TRY?,did,simple,positive,False,True,14877,3015,32744,TRY?|P?|NAT,100,1.0,100,1.0,99,0.99,18221,37,woman,bachelor,english-only,united-states,,include,,include,main-exp-1.0.0
record_000809.json,U000349,main-experiment,main-experiment-photo-1.2.0,main,P001048,S000002,T001019,datapipe-sequential-photo,photo,3,3,photo,high,P?,didnt_fail,fail,negative,True,True,4226,2014,54753,TRY?|P?|NAT,19,0.19,86,0.86,12,0.12,25164,28,woman,bachelor,english-only,united-kingdom,,include,,include,main-exp-1.0.0
record_000814.json,U000093,main-experiment,main-experiment-photo-1.2.0,main,P000416,S000002,T001292,datapipe-sequential-photo,photo,22,22,photo,low,P?,tried,try,positive,False,True,2529,4242,43509,P?|TRY?|NAT,100,1.0,39,0.39,100,1.0,15775,33,woman,doctoral-professional,english-only,united-states,,include,,include,main-exp-1.0.0
record_000819.json,U001089,main-experiment,main-experiment-photo-1.2.0,main,P000089,S000002,T001279,datapipe-sequential-photo,photo,20,20,photo,low,P?,did,simple,positive,False,True,19655,1144,38550,TRY?|P?|NAT,0,0.0,76,0.76,0,0.0,17212,34,man,some-college,english-only,united-kingdom,,include,,include,main-exp-1.0.0
record_000823.json,U000972,main-experiment,main-experiment-photo-1.2.0,main,P000290,S000002,T000469,datapipe-sequential-photo,photo,0,0,photo,high,P?,managed,manage,positive,True,True,4492,5845,41150,TRY?|P?|NAT,100,1.0,100,1.0,67,0.67,14603,34,man,associate,english-only,canada,,include,,include,main-exp-1.0.0
record_000824.json,U001300,main-experiment,main-experiment-photo-1.2.0,main,P000258,S000002,T000652,datapipe-sequential-photo,photo,26,26,photo,low,TRY?,failed,fail,positive,True,True,3375,19512,73993,TRY?|P?|NAT,65,0.65,24,0.24,25,0.25,15927,40,woman,master,english-only,united-kingdom,,include,,include,main-exp-1.0.0
record_000829.json,U001240,main-experiment,main-experiment-photo-1.2.0,main,P000144,S000002,T000708,datapipe-sequential-photo,photo,9,9,photo,high,TRY?,didnt_manage,manage,negative,True,True,60483,17302,40706,P?|TRY?|NAT,79,0.79,33,0.33,65,0.65,12103,35,man,high-school,english-only,united-states,,include,,include,main-exp-1.0.0
record_000830.json,U000330,main-experiment,main-experiment-photo-1.2.0,main,P001267,S000002,T000576,datapipe-sequential-photo,photo,7,7,photo,high,P?,didnt_try,try,negative,False,True,4967,6516,42967,TRY?|P?|NAT,19,0.19,14,0.14,9,0.09,16879,50,man,bachelor,english-only,united-states,,include,,include,main-exp-1.0.0
record_000832.json,U000430,main-experiment,main-experiment-photo-1.2.0,main,P000661,S000002,T000784,datapipe-sequential-photo,photo,21,21,photo,low,P?,didnt,simple,negative,False,True,4234,49349,89245,TRY?|P?|NAT,0,0.0,0,0.0,100,1.0,14466,42,man,high-school,english-only,united-kingdom,,include,,include,main-exp-1.0.0
record_000835.json,U001224,main-experiment,main-experiment-photo-1.2.0,main,P001038,S000002,T000359,datapipe-sequential-photo,photo,20,20,photo,low,P?,did,simple,positive,False,True,4213,5471,50510,P?|TRY?|NAT,29,0.29,31,0.31,27,0.27,17229,48,woman,master,english-only,united-states,,include,,include,main-exp-1.0.0
record_000836.json,U000299,main-experiment,main-experiment-photo-1.2.0,main,P000819,S000002,T000197,datapipe-sequential-photo,photo,14,14,photo,high,TRY?,tried,try,positive,False,True,2289,1631,37310,TRY?|P?|NAT,61,0.61,8,0.08,47,0.47,12519,29,man,high-school,english-only,united-kingdom,,include,,include,main-exp-1.0.0
record_000837.json,U000438,main-experiment,main-experiment-photo-1.2.0,main,P000925,S000002,T000809,datapipe-sequential-photo,photo,3,3,photo,high,P?,didnt_fail,fail,negative,True,True,5160,6602,51048,TRY?|P?|NAT,100,1.0,98,0.98,7,0.07,31826,64,woman,bachelor,english-only,united-kingdom,,include,,include,main-exp-1.0.0
record_000842.json,U001061,main-experiment,main-experiment-photo-1.2.0,main,P000206,S000002,T000592,datapipe-sequential-photo,photo,1,1,photo,high,P?,didnt_manage,manage,negative,True,True,6095,4162,61903,P?|TRY?|NAT,6,0.06,1,0.01,58,0.58,22277,30,woman,high-school,english-only,united-kingdom,,include,,include,main-exp-1.0.0
record_000844.json,U000497,main-experiment,main-experiment-photo-1.2.0,main,P000634,S000002,T000776,datapipe-sequential-photo,photo,18,18,photo,low,P?,failed,fail,positive,True,True,3992,4779,35638,P?|TRY?|NAT,0,0.0,0,0.0,13,0.13,15465,53,woman,bachelor,english-only,united-states,,include,,include,main-exp-1.0.0
record_000845.json,U000167,main-experiment,main-experiment-photo-1.2.0,main,P000180,S000002,T000017,datapipe-sequential-photo,photo,31,31,photo,low,TRY?,didnt_try,try,negative,False,True,6007,4501,31819,P?|TRY?|NAT,0,0.0,0,0.0,100,1.0,12609,32,man,some-college,english-only,united-states,,include,,include,main-exp-1.0.0
record_000847.json,U000080,main-experiment,main-experiment-photo-1.2.0,main,P000845,S000002,T000656,datapipe-sequential-photo,photo,4,4,photo,high,P?,did,simple,positive,False,True,11297,3980,92763,TRY?|P?|NAT,82,0.82,85,0.85,89,0.89,16869,26,woman,some-college,english-only,canada,,include,,include,main-exp-1.0.0
record_000850.json,U000255,main-experiment,main-experiment-photo-1.2.0,main,P000321,S000002,T000148,datapipe-sequential-photo,photo,12,12,photo,high,TRY?,did,simple,positive,False,True,2942,6327,49359,P?|TRY?|NAT,100,1.0,100,1.0,58,0.58,18207,66,woman,associate,english-only,united-states,,include,,include,main-exp-1.0.0
record_000853.json,U000769,main-experiment,main-experiment-photo-1.2.0,main,P000924,S000002,T000670,datapipe-sequential-photo,photo,6,6,photo,high,P?,tried,try,positive,False,True,4295,12249,100515,P?|TRY?|NAT,100,1.0,87,0.87,58,0.58,25314,28,man,master,english-and-other,united-kingdom,,include,,include,main-exp-1.0.0
record_000859.json,U000325,main-experiment,main-experiment-photo-1.2.0,main,P001020,S000002,T001119,datapipe-sequential-photo,photo,0,0,photo,high,P?,managed,manage,positive,True,True,1955,6946,91825,P?|TRY?|NAT,69,0.69,100,1.0,56,0.56,18117,35,man,bachelor,english-only,united-states,,include,,include,main-exp-1.0.0
record_000860.json,U000265,main-experiment,main-experiment-photo-1.2.0,main,P000194,S000002,T000132,datapipe-sequential-photo,photo,23,23,photo,low,P?,didnt_try,try,negative,False,True,2988,2443,122107,P?|TRY?|NAT,0,0.0,0,0.0,97,0.97,27344,37,woman,bachelor,english-only,united-states,,include,,include,main-exp-1.0.0
record_000865.json,U001034,main-experiment,main-experiment-photo-1.2.0,main,P001299,S000002,T000164,datapipe-sequential-photo,photo,18,18,photo,low,P?,failed,fail,positive,True,True,52312,47921,46608,P?|TRY?|NAT,10,0.1,9,0.09,6,0.06,29945,23,woman,bachelor,english-and-other,united-kingdom,,include,,include,main-exp-1.0.0
record_000867.json,U000189,main-experiment,main-experiment-photo-1.2.0,main,P000256,S000002,T000204,datapipe-sequential-photo,photo,29,29,photo,low,TRY?,didnt,simple,negative,False,True,6381,1532,37601,TRY?|P?|NAT,0,0.0,0,0.0,52,0.52,248105,43,woman,associate,english-only,united-states,,include,,include,main-exp-1.0.0
record_000869.json,U000540,main-experiment,main-experiment-photo-1.2.0,main,P000193,S000002,T000692,datapipe-sequential-photo,photo,18,18,photo,low,P?,failed,fail,positive,True,True,3926,16367,61142,P?|TRY?|NAT,0,0.0,9,0.09,72,0.72,21222,31,woman,some-college,english-only,united-states,,include,,include,main-exp-1.0.0
record_000870.json,U000942,main-experiment,main-experiment-photo-1.2.0,main,P000066,S000002,T000697,datapipe-sequential-photo,photo,14,14,photo,high,TRY?,tried,try,positive,False,True,2717,1075,75564,TRY?|P?|NAT,95,0.95,87,0.87,36,0.36,18787,37,man,bachelor,english-and-other,canada,,include,,include,main-exp-1.0.0
record_000872.json,U000941,main-experiment,main-experiment-photo-1.2.0,main,P000095,S000002,T000962,datapipe-sequential-photo,photo,28,28,photo,low,TRY?,did,simple,positive,False,True,5843,3785,94036,P?|TRY?|NAT,100,1.0,100,1.0,100,1.0,32922,65,woman,high-school,english-only,united-kingdom,,include,,include,main-exp-1.0.0
record_000874.json,U000333,main-experiment,main-experiment-photo-1.2.0,main,P000601,S000002,T000187,datapipe-sequential-photo,photo,1,1,photo,high,P?,didnt_manage,manage,negative,True,True,3798,4485,46424,TRY?|P?|NAT,40,0.4,9,0.09,83,0.83,62475,40,man,bachelor,english-only,united-kingdom,,include,,include,main-exp-1.0.0
record_000875.json,U000844,main-experiment,main-experiment-photo-1.2.0,main,P000238,S000002,T000034,datapipe-sequential-photo,photo,13,13,photo,high,TRY?,didnt,simple,negative,False,True,3076,1797,60209,P?|TRY?|NAT,72,0.72,15,0.15,100,1.0,18756,38,man,high-school,english-only,united-kingdom,,include,,include,main-exp-1.0.0
record_000880.json,U000376,main-experiment,main-experiment-photo-1.2.0,main,P000762,S000002,T000211,datapipe-sequential-photo,photo,20,20,photo,low,P?,did,simple,positive,False,True,16699,4404,71661,TRY?|P?|NAT,100,1.0,100,1.0,83,0.83,24981,56,woman,master,english-only,united-kingdom,,include,,include,main-exp-1.0.0
record_000881.json,U000383,main-experiment,main-experiment-photo-1.2.0,main,P000051,S000002,T001102,datapipe-sequential-photo,photo,5,5,photo,high,P?,didnt,simple,negative,False,True,5554,5500,45089,P?|TRY?|NAT,19,0.19,22,0.22,87,0.87,24459,66,man,bachelor,english-only,united-states,,include,,include,main-exp-1.0.0
record_000883.json,U000108,main-experiment,main-experiment-photo-1.2.0,main,P001253,S000002,T000285,datapipe-sequential-photo,photo,13,13,photo,high,TRY?,didnt,simple,negative,False,True,1821,956,47711,P?|TRY?|NAT,89,0.89,19,0.19,70,0.7,11675,21,man,associate,english-only,united-states,,include,,include,main-exp-1.0.0
record_000884.json,U000550,main-experiment,main-experiment-photo-1.2.0,main,P001079,S000002,T000519,datapipe-sequential-photo,photo,14,14,photo,high,TRY?,tried,try,positive,False,True,2879,6217,49325,TRY?|P?|NAT,93,0.93,93,0.93,92,0.92,120416,59,woman,high-school,english-only,united-states,,include,,include,main-exp-1.0.0
record_000890.json,U000293,main-experiment,main-experiment-photo-1.2.0,main,P001261,S000002,T000734,datapipe-sequential-photo,photo,24,24,photo,low,TRY?,managed,manage,positive,True,True,18462,7860,69860,P?|TRY?|NAT,100,1.0,100,1.0,58,0.58,39933,36,man,associate,english-only,united-states,,include,,include,main-exp-1.0.0
record_000891.json,U001243,main-experiment,main-experiment-photo-1.2.0,main,P001161,S000002,T000466,datapipe-sequential-photo,photo,11,11,photo,high,TRY?,didnt_fail,fail,negative,True,True,4204,8185,84433,P?|TRY?|NAT,8,0.08,7,0.07,66,0.66,34495,66,man,some-college,english-only,united-states,,include,,include,main-exp-1.0.0
record_000894.json,U001070,main-experiment,main-experiment-photo-1.2.0,main,P001154,S000002,T001218,datapipe-sequential-photo,photo,12,12,photo,high,TRY?,did,simple,positive,False,True,12036,4526,49444,P?|TRY?|NAT,79,0.79,89,0.89,87,0.87,29151,31,woman,high-school,english-only,canada,,include,,include,main-exp-1.0.0
record_000895.json,U000679,main-experiment,main-experiment-photo-1.2.0,main,P001014,S000002,T000630,datapipe-sequential-photo,photo,27,27,photo,low,TRY?,didnt_fail,fail,negative,True,True,22513,8278,96719,TRY?|P?|NAT,6,0.06,2,0.02,13,0.13,32346,27,woman,bachelor,english-only,united-kingdom,,include,,include,main-exp-1.0.0
record_000896.json,U000511,main-experiment,main-experiment-photo-1.2.0,main,P000633,S000002,T000846,datapipe-sequential-photo,photo,15,15,photo,high,TRY?,didnt_try,try,negative,False,True,2478,1443,88126,TRY?|P?|NAT,0,0.0,0,0.0,63,0.63,11383,46,man,some-college,english-only,united-kingdom,,include,,include,main-exp-1.0.0
record_000905.json,U000858,main-experiment,main-experiment-photo-1.2.0,main,P000226,S000002,T001030,datapipe-sequential-photo,photo,4,4,photo,high,P?,did,simple,positive,False,True,5961,3760,64344,P?|TRY?|NAT,91,0.91,90,0.9,89,0.89,27039,40,man,associate,english-only,united-kingdom,,include,,include,main-exp-1.0.0
record_000906.json,U000965,main-experiment,main-experiment-photo-1.2.0,main,P001294,S000002,T000689,datapipe-sequential-photo,photo,23,23,photo,low,P?,didnt_try,try,negative,False,True,3668,5360,82810,TRY?|P?|NAT,14,0.14,7,0.07,76,0.76,77131,39,man,some-college,english-only,united-states,,include,,include,main-exp-1.0.0
record_000910.json,U000185,main-experiment,main-experiment-photo-1.2.0,main,P000020,S000002,T000314,datapipe-sequential-photo,photo,25,25,photo,low,TRY?,didnt_manage,manage,negative,True,True,29155,4549,37807,P?|TRY?|NAT,48,0.48,0,0.0,71,0.71,21296,42,woman,bachelor,english-and-other,united-states,,include,,include,main-exp-1.0.0
record_000911.json,U001138,main-experiment,main-experiment-photo-1.2.0,main,P000965,S000002,T000451,datapipe-sequential-photo,photo,31,31,photo,low,TRY?,didnt_try,try,negative,False,True,10731,1871,93818,P?|TRY?|NAT,1,0.01,0,0.0,100,1.0,21198,38,man,bachelor,english-only,united-states,,include,,include,main-exp-1.0.0
record_000916.json,U000377,main-experiment,main-experiment-photo-1.2.0,main,P000124,S000002,T000902,datapipe-sequential-photo,photo,2,2,photo,high,P?,failed,fail,positive,True,True,17159,5928,53479,P?|TRY?|NAT,74,0.74,10,0.1,30,0.3,46290,26,man,bachelor,english-only,united-kingdom,,include,,include,main-exp-1.0.0
record_000917.json,U001231,main-experiment,main-experiment-photo-1.2.0,main,P000117,S000002,T001118,datapipe-sequential-photo,photo,9,9,photo,high,TRY?,didnt_manage,manage,negative,True,True,3254,1255,74697,P?|TRY?|NAT,50,0.5,0,0.0,87,0.87,11662,29,man,bachelor,english-and-other,united-kingdom,,include,,include,main-exp-1.0.0
record_000918.json,U000024,main-experiment,main-experiment-photo-1.2.0,main,P001057,S000002,T000126,datapipe-sequential-photo,photo,29,29,photo,low,TRY?,didnt,simple,negative,False,True,3299,6497,88532,TRY?|P?|NAT,9,0.09,0,0.0,19,0.19,39544,33,man,high-school,english-only,canada,,include,,include,main-exp-1.0.0
record_000927.json,U000046,main-experiment,main-experiment-photo-1.2.0,main,P000836,S000002,T000367,datapipe-sequential-photo,photo,19,19,photo,low,P?,didnt_fail,fail,negative,True,True,101795,22534,160082,TRY?|P?|NAT,25,0.25,50,0.5,41,0.41,21979,23,woman,bachelor,english-only,united-states,,include,,include,main-exp-1.0.0
record_000929.json,U000351,main-experiment,main-experiment-photo-1.2.0,main,P000153,S000002,T000867,datapipe-sequential-photo,photo,13,13,photo,high,TRY?,didnt,simple,negative,False,True,3182,3537,85114,P?|TRY?|NAT,0,0.0,0,0.0,100,1.0,29553,67,man,bachelor,english-only,united-states,,include,,include,main-exp-1.0.0
record_000930.json,U000694,main-experiment,main-experiment-photo-1.2.0,main,P000692,S000002,T000496,datapipe-sequential-photo,photo,27,27,photo,low,TRY?,didnt_fail,fail,negative,True,True,6876,5901,39449,P?|TRY?|NAT,100,1.0,100,1.0,0,0.0,19583,53,man,some-college,english-only,united-kingdom,,include,,include,main-exp-1.0.0
record_000931.json,U000252,main-experiment,main-experiment-photo-1.2.0,main,P001265,S000002,T000756,datapipe-sequential-photo,photo,15,15,photo,high,TRY?,didnt_try,try,negative,False,True,3295,6344,52683,P?|TRY?|NAT,0,0.0,0,0.0,100,1.0,14114,41,man,high-school,english-only,united-kingdom,,include,,include,main-exp-1.0.0
record_000933.json,U000305,main-experiment,main-experiment-photo-1.2.0,main,P001155,S000002,T000942,datapipe-sequential-photo,photo,16,16,photo,low,P?,managed,manage,positive,True,True,6375,2046,36620,P?|TRY?|NAT,92,0.92,93,0.93,83,0.83,15471,33,man,bachelor,english-only,united-kingdom,,include,,include,main-exp-1.0.0
record_000935.json,U001262,main-experiment,main-experiment-photo-1.2.0,main,P000303,S000002,T000848,datapipe-sequential-photo,photo,12,12,photo,high,TRY?,did,simple,positive,False,True,22293,6018,92766,P?|TRY?|NAT,94,0.94,93,0.93,93,0.93,35615,49,woman,bachelor,english-and-other,united-states,,include,,include,main-exp-1.0.0
record_000941.json,U000619,main-experiment,main-experiment-photo-1.2.0,main,P000559,S000002,T000782,datapipe-sequential-photo,photo,8,8,photo,high,TRY?,managed,manage,positive,True,True,4645,1779,57740,P?|TRY?|NAT,33,0.33,4,0.04,33,0.33,18104,61,woman,master,english-only,united-kingdom,,include,,include,main-exp-1.0.0
record_000943.json,U001244,main-experiment,main-experiment-photo-1.2.0,main,P001233,S000002,T000797,datapipe-sequential-photo,photo,27,27,photo,low,TRY?,didnt_fail,fail,negative,True,True,2644,1419,42718,TRY?|P?|NAT,100,1.0,100,1.0,100,1.0,16202,51,woman,high-school,english-only,united-states,,include,,include,main-exp-1.0.0
record_000945.json,U000877,main-experiment,main-experiment-photo-1.2.0,main,P001139,S000002,T001262,datapipe-sequential-photo,photo,19,19,photo,low,P?,didnt_fail,fail,negative,True,True,2384,3994,45798,P?|TRY?|NAT,100,1.0,100,1.0,0,0.0,11516,47,man,bachelor,english-only,united-states,,include,,include,main-exp-1.0.0
record_000948.json,U000124,main-experiment,main-experiment-photo-1.2.0,main,P001109,S000002,T000368,datapipe-sequential-photo,photo,15,15,photo,high,TRY?,didnt_try,try,negative,False,True,1972,1116,53980,TRY?|P?|NAT,12,0.12,2,0.02,69,0.69,58162,31,man,master,english-only,united-kingdom,,include,,include,main-exp-1.0.0
record_000950.json,U000144,main-experiment,main-experiment-photo-1.2.0,main,P000733,S000002,T000378,datapipe-sequential-photo,photo,15,15,photo,high,TRY?,didnt_try,try,negative,False,True,6115,10060,39257,TRY?|P?|NAT,8,0.08,0,0.0,36,0.36,95617,28,man,master,english-only,united-states,,include,,include,main-exp-1.0.0
record_000951.json,U000990,main-experiment,main-experiment-photo-1.2.0,main,P001107,S000002,T000612,datapipe-sequential-photo,photo,16,16,photo,low,P?,managed,manage,positive,True,True,2243,1747,33320,TRY?|P?|NAT,12,0.12,13,0.13,0,0.0,16996,29,woman,some-college,english-only,united-kingdom,,include,,include,main-exp-1.0.0
record_000954.json,U000119,main-experiment,main-experiment-photo-1.2.0,main,P000702,S000002,T000361,datapipe-sequential-photo,photo,13,13,photo,high,TRY?,didnt,simple,negative,False,True,9286,2920,62879,TRY?|P?|NAT,41,0.41,27,0.27,43,0.43,24303,48,woman,master,english-only,united-kingdom,,include,,include,main-exp-1.0.0
record_000957.json,U000763,main-experiment,main-experiment-photo-1.2.0,main,P001069,S000002,T000984,datapipe-sequential-photo,photo,22,22,photo,low,P?,tried,try,positive,False,True,3446,146415,89540,TRY?|P?|NAT,34,0.34,28,0.28,66,0.66,15898,33,man,bachelor,english-only,united-states,,include,,include,main-exp-1.0.0
record_000960.json,U000015,main-experiment,main-experiment-photo-1.2.0,main,P000993,S000002,T000455,datapipe-sequential-photo,photo,25,25,photo,low,TRY?,didnt_manage,manage,negative,True,True,42914,11901,69148,TRY?|P?|NAT,85,0.85,15,0.15,48,0.48,24737,31,woman,master,english-only,canada,,include,,include,main-exp-1.0.0
record_000961.json,U001083,main-experiment,main-experiment-photo-1.2.0,main,P001104,S000002,T000464,datapipe-sequential-photo,photo,11,11,photo,high,TRY?,didnt_fail,fail,negative,True,True,10908,7987,47889,P?|TRY?|NAT,100,1.0,100,1.0,0,0.0,37368,26,woman,some-college,english-only,united-states,,include,,include,main-exp-1.0.0
record_000963.json,U000634,main-experiment,main-experiment-photo-1.2.0,main,P000023,S000002,T000664,datapipe-sequential-photo,photo,25,25,photo,low,TRY?,didnt_manage,manage,negative,True,True,58001,12461,71633,P?|TRY?|NAT,15,0.15,14,0.14,21,0.21,21987,46,man,bachelor,english-only,united-states,,include,,include,main-exp-1.0.0
record_000965.json,U001294,main-experiment,main-experiment-photo-1.2.0,main,P000209,S000002,T000599,datapipe-sequential-photo,photo,0,0,photo,high,P?,managed,manage,positive,True,True,1877,2792,34544,P?|TRY?|NAT,98,0.98,96,0.96,96,0.96,39287,46,woman,bachelor,english-only,united-kingdom,,include,,include,main-exp-1.0.0
record_000969.json,U000562,main-experiment,main-experiment-photo-1.2.0,main,P001129,S000002,T001092,datapipe-sequential-photo,photo,26,26,photo,low,TRY?,failed,fail,positive,True,True,2409,20495,52171,P?|TRY?|NAT,18,0.18,16,0.16,79,0.79,13787,43,man,bachelor,english-only,united-states,,include,,include,main-exp-1.0.0
record_000971.json,U000879,main-experiment,main-experiment-photo-1.2.0,main,P000481,S000002,T001216,datapipe-sequential-photo,photo,7,7,photo,high,P?,didnt_try,try,negative,False,True,28684,9071,75875,P?|TRY?|NAT,82,0.82,51,0.51,30,0.3,27773,60,woman,high-school,english-only,united-kingdom,,include,,include,main-exp-1.0.0
record_000975.json,U001200,main-experiment,main-experiment-photo-1.2.0,main,P000611,S000002,T000577,datapipe-sequential-photo,photo,17,17,photo,low,P?,didnt_manage,manage,negative,True,True,8719,4804,30021,TRY?|P?|NAT,0,0.0,0,0.0,25,0.25,17760,23,woman,high-school,english-only,united-states,,include,,include,main-exp-1.0.0
record_000979.json,U000408,main-experiment,main-experiment-photo-1.2.0,main,P000853,S000002,T000416,datapipe-sequential-photo,photo,18,18,photo,low,P?,failed,fail,positive,True,True,4989,5162,38796,TRY?|P?|NAT,68,0.68,5,0.05,26,0.26,15031,25,woman,master,english-only,united-kingdom,,include,,include,main-exp-1.0.0
record_000981.json,U000588,main-experiment,main-experiment-photo-1.2.0,main,P000221,S000002,T000108,datapipe-sequential-photo,photo,30,30,photo,low,TRY?,tried,try,positive,False,True,19756,7412,57975,TRY?|P?|NAT,88,0.88,20,0.2,82,0.82,20159,64,man,high-school,english-and-other,united-kingdom,,include,,include,main-exp-1.0.0
record_000982.json,U000803,main-experiment,main-experiment-photo-1.2.0,main,P001051,S000002,T000720,datapipe-sequential-photo,photo,16,16,photo,low,P?,managed,manage,positive,True,True,10545,4611,74534,P?|TRY?|NAT,79,0.79,77,0.77,100,1.0,30378,54,woman,bachelor,english-only,united-kingdom,,include,,include,main-exp-1.0.0
record_000983.json,U000294,main-experiment,main-experiment-photo-1.2.0,main,P000576,S000002,T000926,datapipe-sequential-photo,photo,21,21,photo,low,P?,didnt,simple,negative,False,True,26759,14206,48772,P?|TRY?|NAT,21,0.21,17,0.17,81,0.81,31518,38,woman,master,english-only,united-kingdom,,include,,include,main-exp-1.0.0
record_000985.json,U000777,main-experiment,main-experiment-photo-1.2.0,main,P001200,S000002,T000143,datapipe-sequential-photo,photo,31,31,photo,low,TRY?,didnt_try,try,negative,False,True,6445,3497,32256,P?|TRY?|NAT,43,0.43,0,0.0,68,0.68,22897,50,woman,some-college,english-only,united-kingdom,,include,,include,main-exp-1.0.0
record_000986.json,U000692,main-experiment,main-experiment-photo-1.2.0,main,P000444,S000002,T000675,datapipe-sequential-photo,photo,23,23,photo,low,P?,didnt_try,try,negative,False,True,39766,14830,119436,TRY?|P?|NAT,5,0.05,1,0.01,97,0.97,50589,32,man,master,english-and-other,united-kingdom,,include,,include,main-exp-1.0.0
record_000987.json,U000902,main-experiment,main-experiment-photo-1.2.0,main,P000519,S000002,T000686,datapipe-sequential-photo,photo,18,18,photo,low,P?,failed,fail,positive,True,True,10080,12616,23065,P?|TRY?|NAT,9,0.09,9,0.09,52,0.52,27330,23,woman,master,english-only,united-states,,include,,include,main-exp-1.0.0
record_000990.json,U000545,main-experiment,main-experiment-photo-1.2.0,main,P000358,S000002,T000901,datapipe-sequential-photo,photo,4,4,photo,high,P?,did,simple,positive,False,True,41185,7981,45843,P?|TRY?|NAT,95,0.95,95,0.95,100,1.0,13168,41,woman,some-college,english-only,united-states,,include,,include,main-exp-1.0.0
record_000991.json,U000182,main-experiment,main-experiment-photo-1.2.0,main,P000309,S000002,T001050,datapipe-sequential-photo,photo,13,13,photo,high,TRY?,didnt,simple,negative,False,True,59779,6988,54057,P?|TRY?|NAT,57,0.57,0,0.0,17,0.17,18934,19,woman,some-college,english-only,united-states,,include,,include,main-exp-1.0.0
record_000996.json,U001263,main-experiment,main-experiment-photo-1.2.0,main,P000939,S000002,T000880,datapipe-sequential-photo,photo,27,27,photo,low,TRY?,didnt_fail,fail,negative,True,True,28812,4907,29494,P?|TRY?|NAT,100,1.0,100,1.0,11,0.11,14216,44,woman,high-school,english-only,united-states,,include,,include,main-exp-1.0.0
record_000998.json,U000859,main-experiment,main-experiment-photo-1.2.0,main,P000376,S000002,T000644,datapipe-sequential-photo,photo,12,12,photo,high,TRY?,did,simple,positive,False,True,6880,2877,30014,P?|TRY?|NAT,77,0.77,75,0.75,68,0.68,12769,19,woman,some-college,english-only,united-states,,include,,include,main-exp-1.0.0
record_001001.json,U000681,main-experiment,main-experiment-photo-1.2.0,main,P001123,S000002,T001158,datapipe-sequential-photo,photo,14,14,photo,high,TRY?,tried,try,positive,False,True,3282,105949,24257,P?|TRY?|NAT,34,0.34,14,0.14,23,0.23,120780,35,woman,master,english-only,united-kingdom,,include,,include,main-exp-1.0.0
record_001002.json,U000393,main-experiment,main-experiment-photo-1.2.0,main,P000699,S000002,T000350,datapipe-sequential-photo,photo,25,25,photo,low,TRY?,didnt_manage,manage,negative,True,True,1784,2023,44960,P?|TRY?|NAT,4,0.04,8,0.08,1,0.01,76751,31,man,bachelor,english-only,united-kingdom,,include,,include,main-exp-1.0.0
record_001003.json,U000985,main-experiment,main-experiment-photo-1.2.0,main,P001293,S000002,T001148,datapipe-sequential-photo,photo,7,7,photo,high,P?,didnt_try,try,negative,False,True,22086,4006,59995,P?|TRY?|NAT,20,0.2,0,0.0,27,0.27,24010,53,woman,bachelor,english-only,united-kingdom,,include,,include,main-exp-1.0.0
record_001005.json,U000478,main-experiment,main-experiment-photo-1.2.0,main,P000743,S000002,T000783,datapipe-sequential-photo,photo,18,18,photo,low,P?,failed,fail,positive,True,True,2724,6859,38596,TRY?|P?|NAT,12,0.12,0,0.0,11,0.11,13606,26,man,bachelor,english-only,united-kingdom,,include,,include,main-exp-1.0.0
record_001008.json,U000082,main-experiment,main-experiment-photo-1.2.0,main,P000534,S000002,T001303,datapipe-sequential-photo,photo,6,6,photo,high,P?,tried,try,positive,False,True,3428,18085,39964,TRY?|P?|NAT,100,1.0,25,0.25,41,0.41,26599,18,man,high-school,english-only,united-kingdom,,include,,include,main-exp-1.0.0
record_001011.json,U000257,main-experiment,main-experiment-photo-1.2.0,main,P000930,S000002,T000399,datapipe-sequential-photo,photo,29,29,photo,low,TRY?,didnt,simple,negative,False,True,3737,4642,96271,P?|TRY?|NAT,60,0.6,1,0.01,15,0.15,19372,42,man,doctoral-professional,english-only,united-states,,include,,include,main-exp-1.0.0
record_001012.json,U000057,main-experiment,main-experiment-photo-1.2.0,main,P000101,S000002,T000276,datapipe-sequential-photo,photo,28,28,photo,low,TRY?,did,simple,positive,False,True,2308,1684,89614,P?|TRY?|NAT,29,0.29,93,0.93,76,0.76,18389,45,woman,some-college,english-only,united-states,,include,,include,main-exp-1.0.0
record_001023.json,U000522,main-experiment,main-experiment-photo-1.2.0,main,P000694,S000002,T000819,datapipe-sequential-photo,photo,14,14,photo,high,TRY?,tried,try,positive,False,True,5377,6056,77390,TRY?|P?|NAT,72,0.72,20,0.2,33,0.33,15087,36,woman,bachelor,english-only,united-kingdom,,include,,include,main-exp-1.0.0
record_001028.json,U000739,main-experiment,main-experiment-photo-1.2.0,main,P000563,S000002,T000402,datapipe-sequential-photo,photo,4,4,photo,high,P?,did,simple,positive,False,True,5696,4884,147958,TRY?|P?|NAT,100,1.0,100,1.0,26,0.26,163894,35,man,some-college,english-only,united-kingdom,,include,,include,main-exp-1.0.0
record_001029.json,U000209,main-experiment,main-experiment-photo-1.2.0,main,P001056,S000002,T001211,datapipe-sequential-photo,photo,3,3,photo,high,P?,didnt_fail,fail,negative,True,True,9802,5699,48692,TRY?|P?|NAT,100,1.0,100,1.0,29,0.29,19384,40,woman,some-college,english-only,united-states,,include,,include,main-exp-1.0.0
record_001030.json,U000007,main-experiment,main-experiment-photo-1.2.0,main,P000829,S000002,T000243,datapipe-sequential-photo,photo,11,11,photo,high,TRY?,didnt_fail,fail,negative,True,True,14519,35806,66528,P?|TRY?|NAT,100,1.0,100,1.0,0,0.0,29685,37,woman,doctoral-professional,english-only,canada,,include,,include,main-exp-1.0.0
record_001031.json,U000150,main-experiment,main-experiment-photo-1.2.0,main,P001236,S000002,T001249,datapipe-sequential-photo,photo,12,12,photo,high,TRY?,did,simple,positive,False,True,2759,1882,37404,P?|TRY?|NAT,100,1.0,28,0.28,28,0.28,10740,34,man,bachelor,english-only,united-states,,include,,include,main-exp-1.0.0
record_001032.json,U000790,main-experiment,main-experiment-photo-1.2.0,main,P001159,S000002,T000619,datapipe-sequential-photo,photo,1,1,photo,high,P?,didnt_manage,manage,negative,True,True,4488,4969,51878,TRY?|P?|NAT,65,0.65,4,0.04,77,0.77,13510,42,woman,bachelor,english-only,united-kingdom,,include,,include,main-exp-1.0.0
record_001034.json,U000606,main-experiment,main-experiment-photo-1.2.0,main,P001147,S000002,T000388,datapipe-sequential-photo,photo,4,4,photo,high,P?,did,simple,positive,False,True,10307,8299,55614,TRY?|P?|NAT,64,0.64,67,0.67,35,0.35,18165,35,woman,bachelor,english-only,canada,,include,,include,main-exp-1.0.0
record_001037.json,U000515,main-experiment,main-experiment-photo-1.2.0,main,P000251,S000002,T001014,datapipe-sequential-photo,photo,2,2,photo,high,P?,failed,fail,positive,True,True,3925,1423,49315,P?|TRY?|NAT,79,0.79,18,0.18,25,0.25,22433,46,man,high-school,english-only,canada,,include,,include,main-exp-1.0.0
record_001039.json,U000090,main-experiment,main-experiment-photo-1.2.0,main,P000603,S000002,T000860,datapipe-sequential-photo,photo,20,20,photo,low,P?,did,simple,positive,False,True,3809,3721,38875,P?|TRY?|NAT,11,0.11,5,0.05,10,0.1,11500,30,woman,bachelor,english-only,united-kingdom,,include,,include,main-exp-1.0.0
record_001043.json,U000723,main-experiment,main-experiment-photo-1.2.0,main,P000364,S000002,T000330,datapipe-sequential-photo,photo,10,10,photo,high,TRY?,failed,fail,positive,True,True,2003,1556,21397,TRY?|P?|NAT,22,0.22,0,0.0,22,0.22,13878,32,man,associate,english-only,united-states,,include,,include,main-exp-1.0.0
record_001044.json,U000762,main-experiment,main-experiment-photo-1.2.0,main,P000561,S000002,T001083,datapipe-sequential-photo,photo,12,12,photo,high,TRY?,did,simple,positive,False,True,9082,178187,81489,TRY?|P?|NAT,4,0.04,12,0.12,2,0.02,43075,39,man,master,english-and-other,united-kingdom,,include,,include,main-exp-1.0.0
record_001047.json,U000494,main-experiment,main-experiment-photo-1.2.0,main,P000312,S000002,T000272,datapipe-sequential-photo,photo,27,27,photo,low,TRY?,didnt_fail,fail,negative,True,True,4645,3372,43327,TRY?|P?|NAT,82,0.82,86,0.86,9,0.09,19370,59,man,associate,english-only,united-kingdom,,include,,include,main-exp-1.0.0
record_001048.json,U000410,main-experiment,main-experiment-photo-1.2.0,main,P001292,S000002,T001033,datapipe-sequential-photo,photo,21,21,photo,low,P?,didnt,simple,negative,False,True,156039,67066,33646,TRY?|P?|NAT,0,0.0,0,0.0,100,1.0,7459,37,man,high-school,english-only,united-states,,include,,include,main-exp-1.0.0
record_001054.json,U000772,main-experiment,main-experiment-photo-1.2.0,main,P000271,S000002,T000092,datapipe-sequential-photo,photo,28,28,photo,low,TRY?,did,simple,positive,False,True,2418,5899,47320,P?|TRY?|NAT,0,0.0,0,0.0,10,0.1,13361,36,woman,bachelor,english-only,canada,,include,,include,main-exp-1.0.0
record_001058.json,U000151,main-experiment,main-experiment-photo-1.2.0,main,P000800,S000002,T000028,datapipe-sequential-photo,photo,23,23,photo,low,P?,didnt_try,try,negative,False,True,8041,31528,97179,TRY?|P?|NAT,0,0.0,0,0.0,100,1.0,29165,27,man,master,english-only,canada,,include,,include,main-exp-1.0.0
record_001062.json,U000468,main-experiment,main-experiment-photo-1.2.0,main,P000289,S000002,T000870,datapipe-sequential-photo,photo,25,25,photo,low,TRY?,didnt_manage,manage,negative,True,True,1827,4266,30945,TRY?|P?|NAT,10,0.1,3,0.03,55,0.55,14920,37,man,doctoral-professional,english-only,united-kingdom,,include,,include,main-exp-1.0.0
record_001065.json,U000184,main-experiment,main-experiment-photo-1.2.0,main,P001102,S000002,T000078,datapipe-sequential-photo,photo,29,29,photo,low,TRY?,didnt,simple,negative,False,True,2885,3273,35134,P?|TRY?|NAT,0,0.0,0,0.0,47,0.47,12571,45,woman,bachelor,english-only,united-states,,include,,include,main-exp-1.0.0
record_001066.json,U000932,main-experiment,main-experiment-photo-1.2.0,main,P000243,S000002,T000027,datapipe-sequential-photo,photo,1,1,photo,high,P?,didnt_manage,manage,negative,True,True,3635,7915,65102,P?|TRY?|NAT,39,0.39,5,0.05,81,0.81,12661,48,man,bachelor,english-only,united-states,,include,,include,main-exp-1.0.0
record_001068.json,U001257,main-experiment,main-experiment-photo-1.2.0,main,P000586,S000002,T000208,datapipe-sequential-photo,photo,5,5,photo,high,P?,didnt,simple,negative,False,True,2128,838,30631,P?|TRY?|NAT,13,0.13,27,0.27,77,0.77,94423,36,woman,associate,english-only,united-states,,include,,include,main-exp-1.0.0
record_001072.json,U001047,main-experiment,main-experiment-photo-1.2.0,main,P000235,S000002,T000326,datapipe-sequential-photo,photo,23,23,photo,low,P?,didnt_try,try,negative,False,True,3773,28159,38231,P?|TRY?|NAT,0,0.0,0,0.0,26,0.26,57935,47,woman,some-college,english-only,united-kingdom,,include,,include,main-exp-1.0.0
record_001073.json,U000364,main-experiment,main-experiment-photo-1.2.0,main,P000607,S000002,T000401,datapipe-sequential-photo,photo,27,27,photo,low,TRY?,didnt_fail,fail,negative,True,True,46002,8363,65225,TRY?|P?|NAT,100,1.0,100,1.0,0,0.0,36163,72,woman,associate,english-only,united-states,,include,,include,main-exp-1.0.0
record_001078.json,U000355,main-experiment,main-experiment-photo-1.2.0,main,P000247,S000002,T001051,datapipe-sequential-photo,photo,2,2,photo,high,P?,failed,fail,positive,True,True,2082,5668,28702,P?|TRY?|NAT,18,0.18,26,0.26,77,0.77,10308,33,man,high-school,english-only,united-kingdom,,include,,include,main-exp-1.0.0
record_001084.json,U000695,main-experiment,main-experiment-photo-1.2.0,main,P001176,S000002,T000384,datapipe-sequential-photo,photo,9,9,photo,high,TRY?,didnt_manage,manage,negative,True,True,3186,5858,90883,P?|TRY?|NAT,93,0.93,6,0.06,24,0.24,33470,24,man,bachelor,english-only,united-kingdom,,include,,include,main-exp-1.0.0
record_001085.json,U000963,main-experiment,main-experiment-photo-1.2.0,main,P000232,S000002,T001165,datapipe-sequential-photo,photo,8,8,photo,high,TRY?,managed,manage,positive,True,True,3040,103340,88061,P?|TRY?|NAT,67,0.67,93,0.93,54,0.54,12898,35,woman,some-college,english-only,united-states,,include,,include,main-exp-1.0.0
record_001086.json,U000627,main-experiment,main-experiment-photo-1.2.0,main,P000667,S000002,T000186,datapipe-sequential-photo,photo,1,1,photo,high,P?,didnt_manage,manage,negative,True,True,3127,6223,52527,TRY?|P?|NAT,38,0.38,34,0.34,74,0.74,16965,29,man,master,english-and-other,united-kingdom,,include,,include,main-exp-1.0.0
record_001092.json,U000379,main-experiment,main-experiment-photo-1.2.0,main,P000901,S000002,T000964,datapipe-sequential-photo,photo,21,21,photo,low,P?,didnt,simple,negative,False,True,4122,4291,30330,P?|TRY?|NAT,16,0.16,7,0.07,84,0.84,16866,42,woman,associate,english-only,canada,,include,,include,main-exp-1.0.0
record_001093.json,U001119,main-experiment,main-experiment-photo-1.2.0,main,P000499,S000002,T000311,datapipe-sequential-photo,photo,25,25,photo,low,TRY?,didnt_manage,manage,negative,True,True,28792,5764,52239,P?|TRY?|NAT,86,0.86,0,0.0,75,0.75,14453,21,man,some-college,english-only,united-kingdom,,include,,include,main-exp-1.0.0
record_001094.json,U000239,main-experiment,main-experiment-photo-1.2.0,main,P000767,S000002,T001028,datapipe-sequential-photo,photo,7,7,photo,high,P?,didnt_try,try,negative,False,True,3605,5524,42070,TRY?|P?|NAT,16,0.16,11,0.11,73,0.73,20693,62,woman,bachelor,english-only,united-kingdom,,include,,include,main-exp-1.0.0
record_001096.json,U000830,main-experiment,main-experiment-photo-1.2.0,main,P001170,S000002,T001250,datapipe-sequential-photo,photo,14,14,photo,high,TRY?,tried,try,positive,False,True,47167,81604,59133,P?|TRY?|NAT,29,0.29,17,0.17,49,0.49,18495,39,woman,high-school,english-only,united-states,,include,,include,main-exp-1.0.0
record_001097.json,U000914,main-experiment,main-experiment-photo-1.2.0,main,P000818,S000002,T000178,datapipe-sequential-photo,photo,8,8,photo,high,TRY?,managed,manage,positive,True,True,28691,7784,69936,TRY?|P?|NAT,61,0.61,58,0.58,67,0.67,21845,34,man,high-school,english-only,united-kingdom,,include,,include,main-exp-1.0.0
record_001104.json,U001248,main-experiment,main-experiment-photo-1.2.0,main,P001025,S000002,T000659,datapipe-sequential-photo,photo,18,18,photo,low,P?,failed,fail,positive,True,True,2434,6550,57689,TRY?|P?|NAT,28,0.28,40,0.4,73,0.73,19650,37,woman,bachelor,english-only,united-states,,include,,include,main-exp-1.0.0
record_001107.json,U001285,main-experiment,main-experiment-photo-1.2.0,main,P000007,S000002,T000763,datapipe-sequential-photo,photo,0,0,photo,high,P?,managed,manage,positive,True,True,8306,8391,60328,P?|TRY?|NAT,84,0.84,80,0.8,80,0.8,20024,43,man,some-college,english-only,united-states,,include,,include,main-exp-1.0.0
record_001111.json,U000749,main-experiment,main-experiment-photo-1.2.0,main,P001228,S000002,T000996,datapipe-sequential-photo,photo,15,15,photo,high,TRY?,didnt_try,try,negative,False,True,16890,7640,116404,TRY?|P?|NAT,67,0.67,53,0.53,83,0.83,26162,23,man,master,english-only,united-kingdom,,include,,include,main-exp-1.0.0
record_001115.json,U000931,main-experiment,main-experiment-photo-1.2.0,main,P000716,S000002,T000064,datapipe-sequential-photo,photo,24,24,photo,low,TRY?,managed,manage,positive,True,True,72040,1743,20684,P?|TRY?|NAT,77,0.77,88,0.88,18,0.18,298636,29,man,master,english-only,united-kingdom,,include,,include,main-exp-1.0.0
record_001116.json,U000839,main-experiment,main-experiment-photo-1.2.0,main,P001304,S000002,T000491,datapipe-sequential-photo,photo,5,5,photo,high,P?,didnt,simple,negative,False,True,12784,6824,64476,P?|TRY?|NAT,4,0.04,35,0.35,95,0.95,26231,73,woman,some-college,english-only,united-states,,include,,include,main-exp-1.0.0
record_001117.json,U000980,main-experiment,main-experiment-photo-1.2.0,main,P000178,S000002,T000739,datapipe-sequential-photo,photo,13,13,photo,high,TRY?,didnt,simple,negative,False,True,78934,7148,116627,TRY?|P?|NAT,97,0.97,72,0.72,38,0.38,30756,18,woman,some-college,english-only,united-states,,include,,include,main-exp-1.0.0
record_001121.json,U000125,main-experiment,main-experiment-photo-1.2.0,main,P000267,S000002,T000527,datapipe-sequential-photo,photo,31,31,photo,low,TRY?,didnt_try,try,negative,False,True,3286,5096,30992,TRY?|P?|NAT,1,0.01,0,0.0,86,0.86,122096,35,woman,bachelor,english-only,united-states,,include,,include,main-exp-1.0.0
record_001122.json,U000883,main-experiment,main-experiment-photo-1.2.0,main,P001075,S000002,T000951,datapipe-sequential-photo,photo,4,4,photo,high,P?,did,simple,positive,False,True,13472,6516,147172,TRY?|P?|NAT,80,0.8,79,0.79,33,0.33,22765,58,man,bachelor,english-only,united-kingdom,,include,,include,main-exp-1.0.0
record_001123.json,U000401,main-experiment,main-experiment-photo-1.2.0,main,P000793,S000002,T001021,datapipe-sequential-photo,photo,9,9,photo,high,TRY?,didnt_manage,manage,negative,True,True,4816,3196,27290,TRY?|P?|NAT,90,0.9,4,0.04,22,0.22,11466,37,woman,bachelor,english-only,united-states,,include,,include,main-exp-1.0.0
record_001124.json,U001028,main-experiment,main-experiment-photo-1.2.0,main,P000429,S000002,T001063,datapipe-sequential-photo,photo,22,22,photo,low,P?,tried,try,positive,False,True,49561,3916,68654,P?|TRY?|NAT,100,1.0,99,0.99,25,0.25,114551,53,woman,bachelor,english-only,united-kingdom,,include,,include,main-exp-1.0.0
record_001131.json,U001226,main-experiment,main-experiment-photo-1.2.0,main,P000168,S000002,T000603,datapipe-sequential-photo,photo,3,3,photo,high,P?,didnt_fail,fail,negative,True,True,8124,4652,33875,TRY?|P?|NAT,88,0.88,100,1.0,17,0.17,23272,67,woman,bachelor,english-only,united-kingdom,,include,,include,main-exp-1.0.0
record_001132.json,U000202,main-experiment,main-experiment-photo-1.2.0,main,P001210,S000002,T000593,datapipe-sequential-photo,photo,10,10,photo,high,TRY?,failed,fail,positive,True,True,4825,3224,43911,P?|TRY?|NAT,40,0.4,40,0.4,69,0.69,27220,63,woman,master,english-only,united-states,,include,,include,main-exp-1.0.0
record_001136.json,U000107,main-experiment,main-experiment-photo-1.2.0,main,P000288,S000002,T000385,datapipe-sequential-photo,photo,15,15,photo,high,TRY?,didnt_try,try,negative,False,True,9807,5360,71477,P?|TRY?|NAT,43,0.43,19,0.19,0,0.0,30100,56,woman,master,english-only,united-kingdom,,include,,include,main-exp-1.0.0
record_001137.json,U000916,main-experiment,main-experiment-photo-1.2.0,main,P000386,S000002,T001036,datapipe-sequential-photo,photo,3,3,photo,high,P?,didnt_fail,fail,negative,True,True,4279,3511,63156,P?|TRY?|NAT,31,0.31,38,0.38,0,0.0,16488,44,woman,bachelor,english-only,united-kingdom,,include,,include,main-exp-1.0.0
record_001138.json,U000558,main-experiment,main-experiment-photo-1.2.0,main,P000039,S000002,T000397,datapipe-sequential-photo,photo,6,6,photo,high,P?,tried,try,positive,False,True,42467,8559,73133,TRY?|P?|NAT,100,1.0,61,0.61,39,0.39,24879,38,woman,master,english-only,united-states,,include,,include,main-exp-1.0.0
record_001140.json,U000518,main-experiment,main-experiment-photo-1.2.0,main,P000241,S000002,T000354,datapipe-sequential-photo,photo,24,24,photo,low,TRY?,managed,manage,positive,True,True,7573,7685,50013,P?|TRY?|NAT,52,0.52,46,0.46,67,0.67,31207,45,woman,bachelor,english-only,united-kingdom,,include,,include,main-exp-1.0.0
record_001143.json,U000275,main-experiment,main-experiment-photo-1.2.0,main,P000706,S000002,T000601,datapipe-sequential-photo,photo,19,19,photo,low,P?,didnt_fail,fail,negative,True,True,4837,2395,89036,TRY?|P?|NAT,92,0.92,92,0.92,12,0.12,23562,40,man,some-college,english-only,united-kingdom,,include,,include,main-exp-1.0.0
record_001149.json,U000768,main-experiment,main-experiment-photo-1.2.0,main,P000872,S000002,T000383,datapipe-sequential-photo,photo,31,31,photo,low,TRY?,didnt_try,try,negative,False,True,2468,3929,88270,P?|TRY?|NAT,9,0.09,6,0.06,72,0.72,16829,52,man,some-college,english-only,united-states,,include,,include,main-exp-1.0.0
record_001152.json,U000944,main-experiment,main-experiment-photo-1.2.0,main,P001021,S000002,T000271,datapipe-sequential-photo,photo,5,5,photo,high,P?,didnt,simple,negative,False,True,12132,6841,66658,P?|TRY?|NAT,36,0.36,15,0.15,52,0.52,27742,52,man,master,english-only,united-kingdom,,include,,include,main-exp-1.0.0
record_001154.json,U000701,main-experiment,main-experiment-photo-1.2.0,main,P000934,S000002,T000381,datapipe-sequential-photo,photo,18,18,photo,low,P?,failed,fail,positive,True,True,3404,8831,50684,P?|TRY?|NAT,0,0.0,0,0.0,0,0.0,102882,67,woman,associate,english-only,united-states,,include,,include,main-exp-1.0.0
record_001155.json,U000964,main-experiment,main-experiment-photo-1.2.0,main,P000645,S000002,T000579,datapipe-sequential-photo,photo,15,15,photo,high,TRY?,didnt_try,try,negative,False,True,3837,7058,51268,TRY?|P?|NAT,32,0.32,12,0.12,51,0.51,22470,22,man,bachelor,english-and-other,united-kingdom,,include,,include,main-exp-1.0.0
record_001157.json,U000711,main-experiment,main-experiment-photo-1.2.0,main,P000927,S000002,T000557,datapipe-sequential-photo,photo,1,1,photo,high,P?,didnt_manage,manage,negative,True,True,4549,3931,73880,P?|TRY?|NAT,38,0.38,28,0.28,70,0.7,21681,52,man,associate,english-only,united-kingdom,,include,,include,main-exp-1.0.0
record_001158.json,U000327,main-experiment,main-experiment-photo-1.2.0,main,P000959,S000002,T000172,datapipe-sequential-photo,photo,10,10,photo,high,TRY?,failed,fail,positive,True,True,9151,1967,33849,TRY?|P?|NAT,40,0.4,41,0.41,30,0.3,18229,38,woman,bachelor,english-only,united-kingdom,,include,,include,main-exp-1.0.0
record_001159.json,U000420,main-experiment,main-experiment-photo-1.2.0,main,P000265,S000002,T000473,datapipe-sequential-photo,photo,10,10,photo,high,TRY?,failed,fail,positive,True,True,2315,1425,46481,P?|TRY?|NAT,100,1.0,0,0.0,88,0.88,13614,52,man,high-school,english-only,united-states,,include,,include,main-exp-1.0.0
record_001160.json,U000699,main-experiment,main-experiment-photo-1.2.0,main,P000165,S000002,T001025,datapipe-sequential-photo,photo,17,17,photo,low,P?,didnt_manage,manage,negative,True,True,187632,6164,35496,P?|TRY?|NAT,2,0.02,2,0.02,100,1.0,11934,20,man,some-college,english-only,united-kingdom,,include,,include,main-exp-1.0.0
record_001164.json,U001032,main-experiment,main-experiment-photo-1.2.0,main,P000078,S000002,T000525,datapipe-sequential-photo,photo,22,22,photo,low,P?,tried,try,positive,False,True,3435,8264,56211,TRY?|P?|NAT,72,0.72,92,0.92,70,0.7,13328,44,woman,associate,english-only,united-states,,include,,include,main-exp-1.0.0
record_001166.json,U000412,main-experiment,main-experiment-photo-1.2.0,main,P001049,S000002,T000933,datapipe-sequential-photo,photo,10,10,photo,high,TRY?,failed,fail,positive,True,True,26404,9316,47057,P?|TRY?|NAT,84,0.84,4,0.04,87,0.87,26824,48,man,doctoral-professional,english-only,new-zealand,,include,,include,main-exp-1.0.0
record_001169.json,U001170,main-experiment,main-experiment-photo-1.2.0,main,P001094,S000002,T000554,datapipe-sequential-photo,photo,7,7,photo,high,P?,didnt_try,try,negative,False,True,7003,4260,77139,P?|TRY?|NAT,43,0.43,11,0.11,59,0.59,12831,43,woman,associate,english-only,united-states,,include,,include,main-exp-1.0.0
record_001170.json,U000308,main-experiment,main-experiment-photo-1.2.0,main,P000852,S000002,T000655,datapipe-sequential-photo,photo,26,26,photo,low,TRY?,failed,fail,positive,True,True,22135,3221,67060,P?|TRY?|NAT,65,0.65,19,0.19,39,0.39,13210,56,man,high-school,english-only,united-states,,include,,include,main-exp-1.0.0
record_001171.json,U000978,main-experiment,main-experiment-photo-1.2.0,main,P000131,S000002,T000117,datapipe-sequential-photo,photo,4,4,photo,high,P?,did,simple,positive,False,True,30721,5505,96692,TRY?|P?|NAT,78,0.78,96,0.96,70,0.7,20422,39,man,some-college,english-only,united-kingdom,,include,,include,main-exp-1.0.0
record_001173.json,U000245,main-experiment,main-experiment-photo-1.2.0,main,P001246,S000002,T000188,datapipe-sequential-photo,photo,3,3,photo,high,P?,didnt_fail,fail,negative,True,True,81576,1051,60453,TRY?|P?|NAT,8,0.08,68,0.68,7,0.07,10879,50,man,bachelor,english-only,canada,,include,,include,main-exp-1.0.0
record_001175.json,U000582,main-experiment,main-experiment-photo-1.2.0,main,P000864,S000002,T000917,datapipe-sequential-photo,photo,21,21,photo,low,P?,didnt,simple,negative,False,True,6320,5576,40331,P?|TRY?|NAT,0,0.0,0,0.0,71,0.71,32201,27,woman,bachelor,english-and-other,canada,,include,,include,main-exp-1.0.0
record_001176.json,U000988,main-experiment,main-experiment-photo-1.2.0,main,P000133,S000002,T000465,datapipe-sequential-photo,photo,10,10,photo,high,TRY?,failed,fail,positive,True,True,10979,2281,39380,TRY?|P?|NAT,27,0.27,42,0.42,27,0.27,10227,35,man,bachelor,english-only,united-kingdom,,include,,include,main-exp-1.0.0
record_001179.json,U000706,main-experiment,main-experiment-photo-1.2.0,main,P000292,S000002,T000680,datapipe-sequential-photo,photo,17,17,photo,low,P?,didnt_manage,manage,negative,True,True,8689,6215,43815,TRY?|P?|NAT,23,0.23,0,0.0,36,0.36,24824,48,woman,bachelor,english-only,united-states,,include,,include,main-exp-1.0.0
record_001180.json,U000495,main-experiment,main-experiment-photo-1.2.0,main,P000640,S000002,T000706,datapipe-sequential-photo,photo,31,31,photo,low,TRY?,didnt_try,try,negative,False,True,2170,1536,30899,TRY?|P?|NAT,0,0.0,0,0.0,100,1.0,12002,34,woman,bachelor,english-only,united-states,,include,,include,main-exp-1.0.0
record_001189.json,U001016,main-experiment,main-experiment-photo-1.2.0,main,P000059,S000002,T001227,datapipe-sequential-photo,photo,17,17,photo,low,P?,didnt_manage,manage,negative,True,True,14487,17771,72721,P?|TRY?|NAT,51,0.51,0,0.0,78,0.78,30743,52,man,some-college,english-only,united-kingdom,,include,,include,main-exp-1.0.0
record_001191.json,U001001,main-experiment,main-experiment-photo-1.2.0,main,P000222,S000002,T000568,datapipe-sequential-photo,photo,18,18,photo,low,P?,failed,fail,positive,True,True,8440,4494,34589,P?|TRY?|NAT,0,0.0,0,0.0,0,0.0,23114,40,man,high-school,english-only,united-states,,include,,include,main-exp-1.0.0
record_001192.json,U000210,main-experiment,main-experiment-photo-1.2.0,main,P000573,S000002,T000278,datapipe-sequential-photo,photo,20,20,photo,low,P?,did,simple,positive,False,True,3953,5516,64146,TRY?|P?|NAT,99,0.99,99,0.99,58,0.58,15717,42,man,master,english-only,united-states,,include,,include,main-exp-1.0.0
record_001194.json,U000910,main-experiment,main-experiment-photo-1.2.0,main,P001266,S000002,T000429,datapipe-sequential-photo,photo,1,1,photo,high,P?,didnt_manage,manage,negative,True,True,8389,5617,49314,TRY?|P?|NAT,100,1.0,0,0.0,87,0.87,20103,27,woman,bachelor,english-and-other,united-kingdom,,include,,include,main-exp-1.0.0
record_001197.json,U000799,main-experiment,main-experiment-photo-1.2.0,main,P001237,S000002,T000955,datapipe-sequential-photo,photo,10,10,photo,high,TRY?,failed,fail,positive,True,True,2715,3139,58928,TRY?|P?|NAT,3,0.03,0,0.0,27,0.27,19272,53,man,master,english-only,united-states,,include,,include,main-exp-1.0.0
record_001198.json,U000388,main-experiment,main-experiment-photo-1.2.0,main,P000296,S000002,T001072,datapipe-sequential-photo,photo,14,14,photo,high,TRY?,tried,try,positive,False,True,5392,10337,47446,P?|TRY?|NAT,100,1.0,43,0.43,71,0.71,13673,45,woman,high-school,english-only,united-states,,include,,include,main-exp-1.0.0
record_001203.json,U001071,main-experiment,main-experiment-photo-1.2.0,main,P000126,S000002,T000193,datapipe-sequential-photo,photo,0,0,photo,high,P?,managed,manage,positive,True,True,4782,9043,103956,P?|TRY?|NAT,81,0.81,93,0.93,100,1.0,22205,54,woman,some-college,english-only,united-kingdom,,include,,include,main-exp-1.0.0
record_001211.json,U001241,main-experiment,main-experiment-photo-1.2.0,main,P000782,S000002,T001296,datapipe-sequential-photo,photo,20,20,photo,low,P?,did,simple,positive,False,True,16241,2508,28709,TRY?|P?|NAT,22,0.22,19,0.19,24,0.24,9659,28,woman,bachelor,english-only,united-kingdom,,include,,include,main-exp-1.0.0
record_001218.json,U000473,main-experiment,main-experiment-photo-1.2.0,main,P001274,S000002,T000903,datapipe-sequential-photo,photo,28,28,photo,low,TRY?,did,simple,positive,False,True,2287,2296,21462,P?|TRY?|NAT,0,0.0,0,0.0,0,0.0,12399,35,woman,master,english-only,united-kingdom,,include,,include,main-exp-1.0.0
record_001219.json,U000003,main-experiment,main-experiment-photo-1.2.0,main,P000606,S000002,T000660,datapipe-sequential-photo,photo,7,7,photo,high,P?,didnt_try,try,negative,False,True,12582,6373,86727,TRY?|P?|NAT,0,0.0,0,0.0,40,0.4,22979,53,man,high-school,english-only,united-kingdom,,include,,include,main-exp-1.0.0
record_001224.json,U001147,main-experiment,main-experiment-photo-1.2.0,main,P000398,S000002,T000305,datapipe-sequential-photo,photo,20,20,photo,low,P?,did,simple,positive,False,True,14108,6050,37090,P?|TRY?|NAT,12,0.12,11,0.11,8,0.08,27830,36,man,bachelor,english-only,united-states,,include,,include,main-exp-1.0.0
record_001225.json,U000332,main-experiment,main-experiment-photo-1.2.0,main,P000856,S000002,T001221,datapipe-sequential-photo,photo,17,17,photo,low,P?,didnt_manage,manage,negative,True,True,14421,4540,62144,TRY?|P?|NAT,53,0.53,26,0.26,59,0.59,17639,51,man,some-college,english-only,united-kingdom,,include,,include,main-exp-1.0.0
record_001228.json,U001303,main-experiment,main-experiment-photo-1.2.0,main,P001016,S000002,T000149,datapipe-sequential-photo,photo,29,29,photo,low,TRY?,didnt,simple,negative,False,True,27776,9170,38652,P?|TRY?|NAT,19,0.19,0,0.0,66,0.66,16638,35,man,bachelor,english-only,united-kingdom,,include,,include,main-exp-1.0.0
record_001229.json,U000028,main-experiment,main-experiment-photo-1.2.0,main,P001106,S000002,T001252,datapipe-sequential-photo,photo,11,11,photo,high,TRY?,didnt_fail,fail,negative,True,True,4328,3812,68310,P?|TRY?|NAT,52,0.52,33,0.33,39,0.39,20077,46,man,master,english-only,united-states,,include,,include,main-exp-1.0.0
record_001234.json,U000841,main-experiment,main-experiment-photo-1.2.0,main,P001204,S000002,T000799,datapipe-sequential-photo,photo,23,23,photo,low,P?,didnt_try,try,negative,False,True,17004,6434,98391,P?|TRY?|NAT,0,0.0,0,0.0,100,1.0,23537,39,woman,master,english-only,canada,,include,,include,main-exp-1.0.0
record_001236.json,U000313,main-experiment,main-experiment-photo-1.2.0,main,P000690,S000002,T000058,datapipe-sequential-photo,photo,8,8,photo,high,TRY?,managed,manage,positive,True,True,9188,8195,76765,P?|TRY?|NAT,80,0.8,82,0.82,70,0.7,26443,57,man,associate,english-only,united-kingdom,,include,,include,main-exp-1.0.0
record_001240.json,U000208,main-experiment,main-experiment-photo-1.2.0,main,P000179,S000002,T000552,datapipe-sequential-photo,photo,13,13,photo,high,TRY?,didnt,simple,negative,False,True,2254,3549,41229,P?|TRY?|NAT,20,0.2,69,0.69,64,0.64,14664,32,woman,bachelor,english-only,united-states,,include,,include,main-exp-1.0.0
record_001243.json,U000966,main-experiment,main-experiment-photo-1.2.0,main,P001255,S000002,T000128,datapipe-sequential-photo,photo,21,21,photo,low,P?,didnt,simple,negative,False,True,8656,6799,208861,TRY?|P?|NAT,5,0.05,5,0.05,94,0.94,22830,26,man,bachelor,english-and-other,canada,,include,,include,main-exp-1.0.0
record_001252.json,U001087,main-experiment,main-experiment-photo-1.2.0,main,P000870,S000002,T000081,datapipe-sequential-photo,photo,5,5,photo,high,P?,didnt,simple,negative,False,True,37188,36992,71679,TRY?|P?|NAT,13,0.13,5,0.05,44,0.44,11560,36,man,high-school,english-only,united-states,,include,,include,main-exp-1.0.0
record_001253.json,U000175,main-experiment,main-experiment-photo-1.2.0,main,P001287,S000002,T001110,datapipe-sequential-photo,photo,21,21,photo,low,P?,didnt,simple,negative,False,True,3923,3808,74782,TRY?|P?|NAT,0,0.0,0,0.0,60,0.6,14762,48,man,bachelor,english-only,united-kingdom,,include,,include,main-exp-1.0.0
record_001256.json,U000321,main-experiment,main-experiment-photo-1.2.0,main,P000838,S000002,T000407,datapipe-sequential-photo,photo,2,2,photo,high,P?,failed,fail,positive,True,True,2765,5635,55961,P?|TRY?|NAT,100,1.0,0,0.0,11,0.11,14904,35,woman,high-school,english-and-other,united-kingdom,,include,,include,main-exp-1.0.0
record_001258.json,U000102,main-experiment,main-experiment-photo-1.2.0,main,P001230,S000002,T000387,datapipe-sequential-photo,photo,1,1,photo,high,P?,didnt_manage,manage,negative,True,True,2628,26112,60813,TRY?|P?|NAT,21,0.21,22,0.22,14,0.14,19748,37,man,master,english-only,united-states,,include,,include,main-exp-1.0.0
record_001261.json,U000461,main-experiment,main-experiment-photo-1.2.0,main,P000721,S000002,T000814,datapipe-sequential-photo,photo,19,19,photo,low,P?,didnt_fail,fail,negative,True,True,14444,9635,79578,P?|TRY?|NAT,59,0.59,73,0.73,86,0.86,16259,36,man,bachelor,english-only,united-kingdom,,include,,include,main-exp-1.0.0
record_001264.json,U000460,main-experiment,main-experiment-photo-1.2.0,main,P000508,S000002,T001293,datapipe-sequential-photo,photo,12,12,photo,high,TRY?,did,simple,positive,False,True,5714,2341,52078,TRY?|P?|NAT,100,1.0,100,1.0,54,0.54,13470,25,man,master,english-only,united-kingdom,,include,,include,main-exp-1.0.0
record_001276.json,U001191,main-experiment,main-experiment-photo-1.2.0,main,P000463,S000002,T001302,datapipe-sequential-photo,photo,14,14,photo,high,TRY?,tried,try,positive,False,True,2885,5877,38127,P?|TRY?|NAT,21,0.21,20,0.2,65,0.65,12317,40,man,high-school,english-only,united-kingdom,,include,,include,main-exp-1.0.0
record_001278.json,U000797,main-experiment,main-experiment-photo-1.2.0,main,P000788,S000002,T000936,datapipe-sequential-photo,photo,1,1,photo,high,P?,didnt_manage,manage,negative,True,True,10492,7712,151810,P?|TRY?|NAT,53,0.53,47,0.47,29,0.29,38228,51,man,bachelor,english-only,united-kingdom,,include,,include,main-exp-1.0.0
record_001280.json,U001041,main-experiment,main-experiment-photo-1.2.0,main,P000045,S000002,T000114,datapipe-sequential-photo,photo,12,12,photo,high,TRY?,did,simple,positive,False,True,38081,84207,34106,TRY?|P?|NAT,39,0.39,36,0.36,48,0.48,21599,51,man,associate,english-only,united-states,,include,,include,main-exp-1.0.0
record_001281.json,U000273,main-experiment,main-experiment-photo-1.2.0,main,P000043,S000002,T000837,datapipe-sequential-photo,photo,10,10,photo,high,TRY?,failed,fail,positive,True,True,8356,4519,48236,TRY?|P?|NAT,70,0.7,20,0.2,16,0.16,17238,50,woman,bachelor,english-only,united-kingdom,,include,,include,main-exp-1.0.0
record_001282.json,U001250,main-experiment,main-experiment-photo-1.2.0,main,P000811,S000002,T001026,datapipe-sequential-photo,photo,21,21,photo,low,P?,didnt,simple,negative,False,True,2324,25050,43280,P?|TRY?|NAT,9,0.09,10,0.1,24,0.24,10317,40,man,bachelor,english-only,united-kingdom,,include,,include,main-exp-1.0.0
record_001283.json,U001254,main-experiment,main-experiment-photo-1.2.0,main,P000034,S000002,T001278,datapipe-sequential-photo,photo,30,30,photo,low,TRY?,tried,try,positive,False,True,2309,3937,52037,P?|TRY?|NAT,96,0.96,62,0.62,70,0.7,19068,28,man,high-school,english-and-other,canada,,include,,include,main-exp-1.0.0
record_001290.json,U001125,main-experiment,main-experiment-photo-1.2.0,main,P000100,S000002,T000480,datapipe-sequential-photo,photo,9,9,photo,high,TRY?,didnt_manage,manage,negative,True,True,5697,2458,58036,TRY?|P?|NAT,11,0.11,12,0.12,91,0.91,24665,54,woman,associate,english-only,united-states,,include,,include,main-exp-1.0.0
record_001294.json,U001026,main-experiment,main-experiment-photo-1.2.0,main,P000408,S000002,T000497,datapipe-sequential-photo,photo,30,30,photo,low,TRY?,tried,try,positive,False,True,7623,4749,96372,P?|TRY?|NAT,12,0.12,10,0.1,63,0.63,83739,26,woman,bachelor,english-only,united-kingdom,,include,,include,main-exp-1.0.0
record_001298.json,U000714,main-experiment,main-experiment-photo-1.2.0,main,P000787,S000002,T000919,datapipe-sequential-photo,photo,27,27,photo,low,TRY?,didnt_fail,fail,negative,True,True,7376,16713,61212,P?|TRY?|NAT,78,0.78,79,0.79,7,0.07,16830,48,man,bachelor,english-only,new-zealand,,include,,include,main-exp-1.0.0
record_001299.json,U000587,main-experiment,main-experiment-photo-1.2.0,main,P000713,S000002,T000995,datapipe-sequential-photo,photo,28,28,photo,low,TRY?,did,simple,positive,False,True,2445,1394,36549,TRY?|P?|NAT,100,1.0,100,1.0,100,1.0,14839,45,man,associate,english-only,united-states,,include,,include,main-exp-1.0.0
record_001300.json,U000085,main-experiment,main-experiment-photo-1.2.0,main,P000847,S000002,T000614,datapipe-sequential-photo,photo,8,8,photo,high,TRY?,managed,manage,positive,True,True,6153,5111,45399,P?|TRY?|NAT,90,0.9,92,0.92,90,0.9,18366,34,man,master,english-only,united-states,,include,,include,main-exp-1.0.0
record_001301.json,U001108,main-experiment,main-experiment-photo-1.2.0,main,P000883,S000002,T000133,datapipe-sequential-photo,photo,18,18,photo,low,P?,failed,fail,positive,True,True,8325,5376,31344,P?|TRY?|NAT,0,0.0,0,0.0,0,0.0,19399,46,woman,some-college,english-only,united-kingdom,,include,,include,main-exp-1.0.0
record_001303.json,U000757,main-experiment,main-experiment-photo-1.2.0,main,P000955,S000002,T000580,datapipe-sequential-photo,photo,7,7,photo,high,P?,didnt_try,try,negative,False,True,8984,3217,23587,P?|TRY?|NAT,0,0.0,1,0.01,99,0.99,16774,28,woman,master,english-only,united-kingdom,,include,,include,main-exp-1.0.0
record_001305.json,U000855,main-experiment,main-experiment-photo-1.2.0,main,P000880,S000002,T000890,datapipe-sequential-photo,photo,30,30,photo,low,TRY?,tried,try,positive,False,True,26177,8197,87410,P?|TRY?|NAT,99,0.99,14,0.14,47,0.47,27127,59,man,bachelor,english-only,united-kingdom,,include,,include,main-exp-1.0.0
record_001306.json,U000596,main-experiment,main-experiment-photo-1.2.0,main,P001276,S000002,T000746,datapipe-sequential-photo,photo,14,14,photo,high,TRY?,tried,try,positive,False,True,71711,1697,207898,P?|TRY?|NAT,66,0.66,74,0.74,72,0.72,21871,28,woman,bachelor,english-only,canada,,include,,include,main-exp-1.0.0
record_001307.json,U001059,main-experiment,main-experiment-photo-1.2.0,main,P001054,S000002,T000258,datapipe-sequential-photo,photo,17,17,photo,low,P?,didnt_manage,manage,negative,True,True,29032,12927,100173,TRY?|P?|NAT,50,0.5,0,0.0,56,0.56,37954,43,man,master,english-only,united-kingdom,,include,,include,main-exp-1.0.0
record_000001.json,U000657,main-experiment,main-experiment-package-1.2.0,main,P000805,S000004,T001241,datapipe-sequential-package,package,2,34,package,high,P?,failed,fail,positive,True,True,1905,5423,57391,TRY?|P?|NAT,81,0.81,17,0.17,21,0.21,20497,23,woman,associate,english-and-other,united-states,,include,,include,main-exp-1.0.0
record_000002.json,U000547,main-experiment,main-experiment-package-1.2.0,main,P001083,S000004,T000169,datapipe-sequential-package,package,17,49,package,low,P?,didnt_manage,manage,negative,True,True,10505,14668,36203,TRY?|P?|NAT,7,0.07,9,0.09,43,0.43,31883,37,woman,associate,english-and-other,united-states,,include,,include,main-exp-1.0.0
record_000008.json,U001176,main-experiment,main-experiment-package-1.2.0,main,P000346,S000004,T001243,datapipe-sequential-package,package,28,60,package,low,TRY?,did,simple,positive,False,True,6706,12318,151463,P?|TRY?|NAT,57,0.57,78,0.78,2,0.02,34172,49,woman,master,english-only,united-states,,include,,include,main-exp-1.0.0
record_000009.json,U001199,main-experiment,main-experiment-package-1.2.0,main,P000773,S000004,T001153,datapipe-sequential-package,package,29,61,package,low,TRY?,didnt,simple,negative,False,True,12915,8017,41690,P?|TRY?|NAT,0,0.0,0,0.0,35,0.35,20915,31,woman,some-college,english-only,canada,,include,,include,main-exp-1.0.0
record_000011.json,U000104,main-experiment,main-experiment-package-1.2.0,main,P000895,S000004,T001304,datapipe-sequential-package,package,12,44,package,high,TRY?,did,simple,positive,False,True,4282,8333,42576,TRY?|P?|NAT,100,1.0,100,1.0,100,1.0,63204,44,woman,bachelor,english-only,united-states,,include,,include,main-exp-1.0.0
record_000012.json,U000025,main-experiment,main-experiment-package-1.2.0,main,P000835,S000004,T000218,datapipe-sequential-package,package,16,48,package,low,P?,managed,manage,positive,True,True,7137,2548,40626,P?|TRY?|NAT,12,0.12,24,0.24,75,0.75,15993,29,woman,bachelor,english-only,united-states,,include,,include,main-exp-1.0.0
record_000013.json,U001109,main-experiment,main-experiment-package-1.2.0,main,P000714,S000004,T001037,datapipe-sequential-package,package,21,53,package,low,P?,didnt,simple,negative,False,True,2647,14088,33062,P?|TRY?|NAT,9,0.09,9,0.09,84,0.84,49101,22,woman,bachelor,english-only,united-states,,include,,include,main-exp-1.0.0
record_000015.json,U000311,main-experiment,main-experiment-package-1.2.0,main,P000644,S000004,T000254,datapipe-sequential-package,package,0,32,package,high,P?,managed,manage,positive,True,True,5630,7000,72151,TRY?|P?|NAT,86,0.86,93,0.93,81,0.81,45735,49,man,master,english-and-other,united-kingdom,,include,,include,main-exp-1.0.0
record_000017.json,U000219,main-experiment,main-experiment-package-1.2.0,main,P000506,S000004,T000067,datapipe-sequential-package,package,3,35,package,high,P?,didnt_fail,fail,negative,True,True,4537,17988,108192,TRY?|P?|NAT,75,0.75,100,1.0,14,0.14,12398,34,woman,bachelor,english-only,united-states,,include,,include,main-exp-1.0.0
record_000018.json,U001080,main-experiment,main-experiment-package-1.2.0,main,P000086,S000004,T001295,datapipe-sequential-package,package,7,39,package,high,P?,didnt_try,try,negative,False,True,166302,5850,51021,TRY?|P?|NAT,21,0.21,8,0.08,43,0.43,20042,39,man,master,english-only,united-states,,include,,include,main-exp-1.0.0
record_000020.json,U000798,main-experiment,main-experiment-package-1.2.0,main,P001013,S000004,T000649,datapipe-sequential-package,package,10,42,package,high,TRY?,failed,fail,positive,True,True,4291,2136,257502,P?|TRY?|NAT,100,1.0,0,0.0,26,0.26,12719,45,man,some-college,english-only,united-states,,include,,include,main-exp-1.0.0
record_000023.json,U000106,main-experiment,main-experiment-package-1.2.0,main,P000054,S000004,T000613,datapipe-sequential-package,package,2,34,package,high,P?,failed,fail,positive,True,True,2082,3556,55329,TRY?|P?|NAT,73,0.73,12,0.12,42,0.42,12145,45,woman,bachelor,english-only,united-states,,include,,include,main-exp-1.0.0
record_000024.json,U000945,main-experiment,main-experiment-package-1.2.0,main,P000202,S000004,T000219,datapipe-sequential-package,package,3,35,package,high,P?,didnt_fail,fail,negative,True,True,3870,1011,28446,P?|TRY?|NAT,86,0.86,100,1.0,61,0.61,12017,67,man,associate,english-only,united-states,,include,,include,main-exp-1.0.0
record_000028.json,U000168,main-experiment,main-experiment-package-1.2.0,main,P000030,S000004,T000404,datapipe-sequential-package,package,1,33,package,high,P?,didnt_manage,manage,negative,True,True,2440,4413,31171,P?|TRY?|NAT,100,1.0,69,0.69,5,0.05,19662,44,man,bachelor,english-and-other,united-states,,include,,include,main-exp-1.0.0
record_000030.json,U000595,main-experiment,main-experiment-package-1.2.0,main,P000307,S000004,T000952,datapipe-sequential-package,package,28,60,package,low,TRY?,did,simple,positive,False,True,11789,6149,38861,TRY?|P?|NAT,27,0.27,11,0.11,30,0.3,25001,32,man,master,english-only,united-states,,include,,include,main-exp-1.0.0
record_000031.json,U000543,main-experiment,main-experiment-package-1.2.0,main,P001030,S000004,T000868,datapipe-sequential-package,package,22,54,package,low,P?,tried,try,positive,False,True,8089,7496,60332,TRY?|P?|NAT,80,0.8,63,0.63,73,0.73,29961,20,man,bachelor,english-only,united-kingdom,,include,,include,main-exp-1.0.0
record_000032.json,U000754,main-experiment,main-experiment-package-1.2.0,main,P001224,S000004,T000405,datapipe-sequential-package,package,30,62,package,low,TRY?,tried,try,positive,False,True,4924,3192,119784,TRY?|P?|NAT,84,0.84,13,0.13,92,0.92,17174,28,man,high-school,english-only,united-kingdom,,include,,include,main-exp-1.0.0
record_000035.json,U000778,main-experiment,main-experiment-package-1.2.0,main,P000343,S000004,T000935,datapipe-sequential-package,package,31,63,package,low,TRY?,didnt_try,try,negative,False,True,8764,9906,56501,P?|TRY?|NAT,10,0.1,6,0.06,84,0.84,23892,34,woman,doctoral-professional,english-only,united-states,,include,,include,main-exp-1.0.0
record_000041.json,U000780,main-experiment,main-experiment-package-1.2.0,main,P000529,S000004,T001082,datapipe-sequential-package,package,12,44,package,high,TRY?,did,simple,positive,False,True,23970,11934,106580,TRY?|P?|NAT,100,1.0,100,1.0,62,0.62,21730,50,man,bachelor,english-only,canada,,include,,include,main-exp-1.0.0
record_000045.json,U001172,main-experiment,main-experiment-package-1.2.0,main,P001077,S000004,T000607,datapipe-sequential-package,package,3,35,package,high,P?,didnt_fail,fail,negative,True,True,4144,4711,33963,P?|TRY?|NAT,61,0.61,71,0.71,13,0.13,17155,31,woman,bachelor,english-only,united-states,,include,,include,main-exp-1.0.0
record_000046.json,U000866,main-experiment,main-experiment-package-1.2.0,main,P000257,S000004,T001093,datapipe-sequential-package,package,8,40,package,high,TRY?,managed,manage,positive,True,True,76617,1603,11147,TRY?|P?|NAT,77,0.77,66,0.66,89,0.89,344681,20,man,some-college,english-only,united-states,,include,,include,main-exp-1.0.0
record_000047.json,U000948,main-experiment,main-experiment-package-1.2.0,main,P000323,S000004,T000063,datapipe-sequential-package,package,29,61,package,low,TRY?,didnt,simple,negative,False,True,8226,9032,107421,P?|TRY?|NAT,0,0.0,0,0.0,100,1.0,26470,69,man,bachelor,english-only,united-states,,include,,include,main-exp-1.0.0
record_000050.json,U001086,main-experiment,main-experiment-package-1.2.0,main,P000096,S000004,T000871,datapipe-sequential-package,package,3,35,package,high,P?,didnt_fail,fail,negative,True,True,2369,18279,49376,TRY?|P?|NAT,100,1.0,100,1.0,64,0.64,13506,30,man,some-college,english-only,united-states,,include,,include,main-exp-1.0.0
record_000051.json,U001282,main-experiment,main-experiment-package-1.2.0,main,P001242,S000004,T000111,datapipe-sequential-package,package,19,51,package,low,P?,didnt_fail,fail,negative,True,True,13819,8264,69079,TRY?|P?|NAT,26,0.26,27,0.27,0,0.0,17397,61,woman,high-school,english-only,united-states,,include,,include,main-exp-1.0.0
record_000055.json,U000323,main-experiment,main-experiment-package-1.2.0,main,P000443,S000004,T000448,datapipe-sequential-package,package,15,47,package,high,TRY?,didnt_try,try,negative,False,True,30872,5147,79385,P?|TRY?|NAT,6,0.06,24,0.24,2,0.02,23401,61,woman,bachelor,english-only,united-kingdom,,include,,include,main-exp-1.0.0
record_000056.json,U001033,main-experiment,main-experiment-package-1.2.0,main,P000686,S000004,T000861,datapipe-sequential-package,package,18,50,package,low,P?,failed,fail,positive,True,True,14822,4764,58716,P?|TRY?|NAT,0,0.0,0,0.0,8,0.08,28161,50,woman,doctoral-professional,english-only,united-states,,include,,include,main-exp-1.0.0
record_000057.json,U001305,main-experiment,main-experiment-package-1.2.0,main,P000501,S000004,T000478,datapipe-sequential-package,package,30,62,package,low,TRY?,tried,try,positive,False,True,612134,4119,47837,TRY?|P?|NAT,6,0.06,14,0.14,60,0.6,19794,27,man,high-school,english-and-other,united-states,,include,,include,main-exp-1.0.0
record_000058.json,U001151,main-experiment,main-experiment-package-1.2.0,main,P000325,S000004,T000751,datapipe-sequential-package,package,26,58,package,low,TRY?,failed,fail,positive,True,True,77232,80294,48997,TRY?|P?|NAT,5,0.05,0,0.0,25,0.25,70521,54,man,associate,english-only,united-states,,include,,include,main-exp-1.0.0
record_000059.json,U001101,main-experiment,main-experiment-package-1.2.0,main,P000155,S000004,T000003,datapipe-sequential-package,package,20,52,package,low,P?,did,simple,positive,False,True,13877,5690,79110,P?|TRY?|NAT,18,0.18,28,0.28,26,0.26,21381,32,man,doctoral-professional,english-only,united-states,,include,,include,main-exp-1.0.0
record_000064.json,U000225,main-experiment,main-experiment-package-1.2.0,main,P000723,S000004,T000938,datapipe-sequential-package,package,28,60,package,low,TRY?,did,simple,positive,False,True,1603,6188,79043,TRY?|P?|NAT,29,0.29,43,0.43,35,0.35,90714,22,man,high-school,english-and-other,united-states,,include,,include,main-exp-1.0.0
record_000067.json,U001073,main-experiment,main-experiment-package-1.2.0,main,P000942,S000004,T000718,datapipe-sequential-package,package,17,49,package,low,P?,didnt_manage,manage,negative,True,True,5010,7614,51552,P?|TRY?|NAT,1,0.01,0,0.0,25,0.25,17149,57,woman,bachelor,english-only,united-states,,include,,include,main-exp-1.0.0
record_000073.json,U000031,main-experiment,main-experiment-package-1.2.0,main,P000006,S000004,T000738,datapipe-sequential-package,package,1,33,package,high,P?,didnt_manage,manage,negative,True,True,3154,2388,61447,P?|TRY?|NAT,19,0.19,0,0.0,38,0.38,61909,50,man,high-school,english-only,united-states,,include,,include,main-exp-1.0.0
record_000074.json,U000291,main-experiment,main-experiment-package-1.2.0,main,P000234,S000004,T000963,datapipe-sequential-package,package,4,36,package,high,P?,did,simple,positive,False,True,3491,2300,42588,TRY?|P?|NAT,87,0.87,100,1.0,69,0.69,9726,19,man,high-school,english-only,canada,,include,,include,main-exp-1.0.0
record_000076.json,U000297,main-experiment,main-experiment-package-1.2.0,main,P000944,S000004,T000479,datapipe-sequential-package,package,31,63,package,low,TRY?,didnt_try,try,negative,False,True,4597,2757,54229,P?|TRY?|NAT,0,0.0,0,0.0,80,0.8,20967,56,man,bachelor,english-only,united-states,,include,,include,main-exp-1.0.0
record_000079.json,U000117,main-experiment,main-experiment-package-1.2.0,main,P000594,S000004,T000016,datapipe-sequential-package,package,14,46,package,high,TRY?,tried,try,positive,False,True,7150,1903,71124,P?|TRY?|NAT,76,0.76,24,0.24,25,0.25,19099,42,woman,bachelor,english-and-other,united-kingdom,,include,,include,main-exp-1.0.0
record_000080.json,U000821,main-experiment,main-experiment-package-1.2.0,main,P001197,S000004,T000447,datapipe-sequential-package,package,1,33,package,high,P?,didnt_manage,manage,negative,True,True,4636,5838,79161,P?|TRY?|NAT,50,0.5,0,0.0,0,0.0,84820,31,man,bachelor,english-only,united-states,,include,,include,main-exp-1.0.0
record_000084.json,U000030,main-experiment,main-experiment-package-1.2.0,main,P000341,S000004,T001224,datapipe-sequential-package,package,2,34,package,high,P?,failed,fail,positive,True,True,15166,7981,47005,P?|TRY?|NAT,14,0.14,0,0.0,77,0.77,51137,24,woman,bachelor,english-only,canada,,include,,include,main-exp-1.0.0
record_000090.json,U000498,main-experiment,main-experiment-package-1.2.0,main,P000278,S000004,T001175,datapipe-sequential-package,package,26,58,package,low,TRY?,failed,fail,positive,True,True,9745,3856,40829,TRY?|P?|NAT,0,0.0,0,0.0,18,0.18,11864,24,woman,bachelor,english-only,united-states,,include,,include,main-exp-1.0.0
record_000092.json,U000752,main-experiment,main-experiment-package-1.2.0,main,P000985,S000004,T000269,datapipe-sequential-package,package,22,54,package,low,P?,tried,try,positive,False,True,3000,7003,40876,P?|TRY?|NAT,83,0.83,25,0.25,31,0.31,26023,54,woman,bachelor,english-only,united-states,,include,,include,main-exp-1.0.0
record_000094.json,U000260,main-experiment,main-experiment-package-1.2.0,main,P001064,S000004,T000252,datapipe-sequential-package,package,27,59,package,low,TRY?,didnt_fail,fail,negative,True,True,2793,3755,49036,P?|TRY?|NAT,89,0.89,89,0.89,6,0.06,13582,37,man,some-college,english-only,united-states,,include,,include,main-exp-1.0.0
record_000097.json,U000718,main-experiment,main-experiment-package-1.2.0,main,P000154,S000004,T001253,datapipe-sequential-package,package,25,57,package,low,TRY?,didnt_manage,manage,negative,True,True,6286,6703,54547,P?|TRY?|NAT,0,0.0,0,0.0,6,0.06,16364,30,man,master,english-only,united-states,,include,,include,main-exp-1.0.0
record_000098.json,U000285,main-experiment,main-experiment-package-1.2.0,main,P000337,S000004,T000032,datapipe-sequential-package,package,11,43,package,high,TRY?,didnt_fail,fail,negative,True,True,3192,6990,36897,P?|TRY?|NAT,77,0.77,76,0.76,0,0.0,20683,60,man,master,english-only,united-states,,include,,include,main-exp-1.0.0
record_000101.json,U000317,main-experiment,main-experiment-package-1.2.0,main,P001006,S000004,T000094,datapipe-sequential-package,package,12,44,package,high,TRY?,did,simple,positive,False,True,5417,3283,28104,P?|TRY?|NAT,81,0.81,82,0.82,80,0.8,18055,26,man,associate,english-only,united-states,,include,,include,main-exp-1.0.0
record_000102.json,U001062,main-experiment,main-experiment-package-1.2.0,main,P001182,S000004,T000390,datapipe-sequential-package,package,17,49,package,low,P?,didnt_manage,manage,negative,True,True,5586,4735,54658,P?|TRY?|NAT,10,0.1,19,0.19,19,0.19,19227,56,man,some-college,english-only,united-states,,include,,include,main-exp-1.0.0
record_000103.json,U001104,main-experiment,main-experiment-package-1.2.0,main,P001034,S000004,T000227,datapipe-sequential-package,package,18,50,package,low,P?,failed,fail,positive,True,True,14371,12442,159808,TRY?|P?|NAT,0,0.0,0,0.0,11,0.11,53492,30,woman,bachelor,english-only,canada,,include,,include,main-exp-1.0.0
record_000104.json,U000933,main-experiment,main-experiment-package-1.2.0,main,P000270,S000004,T000757,datapipe-sequential-package,package,30,62,package,low,TRY?,tried,try,positive,False,True,5033,13243,44623,TRY?|P?|NAT,87,0.87,61,0.61,50,0.5,24904,54,man,bachelor,english-only,canada,,include,,include,main-exp-1.0.0
record_000106.json,U001195,main-experiment,main-experiment-package-1.2.0,main,P000552,S000004,T000790,datapipe-sequential-package,package,4,36,package,high,P?,did,simple,positive,False,True,2923,2042,40553,P?|TRY?|NAT,53,0.53,93,0.93,97,0.97,9821,35,man,bachelor,english-only,australia,,include,,include,main-exp-1.0.0
record_000108.json,U000298,main-experiment,main-experiment-package-1.2.0,main,P000809,S000004,T000737,datapipe-sequential-package,package,27,59,package,low,TRY?,didnt_fail,fail,negative,True,True,3575,12226,27489,P?|TRY?|NAT,36,0.36,77,0.77,68,0.68,29832,28,man,prefer-not-to-say,english-and-other,canada,,include,,include,main-exp-1.0.0
record_000112.json,U001068,main-experiment,main-experiment-package-1.2.0,main,P001040,S000004,T000773,datapipe-sequential-package,package,26,58,package,low,TRY?,failed,fail,positive,True,True,6044,3594,85047,P?|TRY?|NAT,0,0.0,0,0.0,25,0.25,18661,55,woman,some-college,english-only,united-states,,include,,include,main-exp-1.0.0
record_000118.json,U001057,main-experiment,main-experiment-package-1.2.0,main,P000754,S000004,T000532,datapipe-sequential-package,package,27,59,package,low,TRY?,didnt_fail,fail,negative,True,True,30080,7099,54846,P?|TRY?|NAT,25,0.25,37,0.37,19,0.19,31101,26,man,some-college,english-only,canada,,include,,include,main-exp-1.0.0
record_000120.json,U000446,main-experiment,main-experiment-package-1.2.0,main,P000490,S000004,T000075,datapipe-sequential-package,package,27,59,package,low,TRY?,didnt_fail,fail,negative,True,True,1880,4461,57309,P?|TRY?|NAT,8,0.08,0,0.0,0,0.0,88452,33,man,bachelor,english-only,united-states,,include,,include,main-exp-1.0.0
record_000122.json,U000315,main-experiment,main-experiment-package-1.2.0,main,P000670,S000004,T000564,datapipe-sequential-package,package,14,46,package,high,TRY?,tried,try,positive,False,True,108251,2071,71030,TRY?|P?|NAT,96,0.96,31,0.31,35,0.35,30435,38,woman,bachelor,english-only,canada,,include,,include,main-exp-1.0.0
record_000123.json,U001129,main-experiment,main-experiment-package-1.2.0,main,P001189,S000004,T000585,datapipe-sequential-package,package,23,55,package,low,P?,didnt_try,try,negative,False,True,4314,7484,77019,TRY?|P?|NAT,0,0.0,0,0.0,43,0.43,18487,40,man,master,english-only,united-states,,include,,include,main-exp-1.0.0
record_000124.json,U000489,main-experiment,main-experiment-package-1.2.0,main,P001117,S000004,T000705,datapipe-sequential-package,package,2,34,package,high,P?,failed,fail,positive,True,True,3116,8464,71337,TRY?|P?|NAT,32,0.32,8,0.08,49,0.49,17014,46,woman,high-school,english-only,united-kingdom,,include,,include,main-exp-1.0.0
record_000126.json,U000483,main-experiment,main-experiment-package-1.2.0,main,P000167,S000004,T000338,datapipe-sequential-package,package,26,58,package,low,TRY?,failed,fail,positive,True,True,10976,5066,69305,P?|TRY?|NAT,48,0.48,0,0.0,7,0.07,16263,61,woman,associate,english-only,canada,,include,,include,main-exp-1.0.0
record_000128.json,U000802,main-experiment,main-experiment-package-1.2.0,main,P000021,S000004,T000439,datapipe-sequential-package,package,28,60,package,low,TRY?,did,simple,positive,False,True,7565,7694,98897,P?|TRY?|NAT,81,0.81,95,0.95,69,0.69,18375,51,woman,some-college,english-only,united-kingdom,,include,,include,main-exp-1.0.0
record_000129.json,U001039,main-experiment,main-experiment-package-1.2.0,main,P001044,S000004,T000139,datapipe-sequential-package,package,15,47,package,high,TRY?,didnt_try,try,negative,False,True,3709,6625,94355,TRY?|P?|NAT,60,0.6,47,0.47,6,0.06,18810,36,man,bachelor,english-and-other,united-states,,include,,include,main-exp-1.0.0
record_000130.json,U000357,main-experiment,main-experiment-package-1.2.0,main,P000610,S000004,T001273,datapipe-sequential-package,package,20,52,package,low,P?,did,simple,positive,False,True,7023,1964,59631,TRY?|P?|NAT,100,1.0,100,1.0,71,0.71,21387,34,man,some-college,english-only,united-kingdom,,include,,include,main-exp-1.0.0
record_000131.json,U000065,main-experiment,main-experiment-package-1.2.0,main,P001256,S000004,T000893,datapipe-sequential-package,package,5,37,package,high,P?,didnt,simple,negative,False,True,2466,57622,55359,TRY?|P?|NAT,26,0.26,11,0.11,100,1.0,63937,43,man,high-school,english-only,united-states,,include,,include,main-exp-1.0.0
record_000132.json,U001180,main-experiment,main-experiment-package-1.2.0,main,P000627,S000004,T001099,datapipe-sequential-package,package,26,58,package,low,TRY?,failed,fail,positive,True,True,3508,5426,49069,TRY?|P?|NAT,0,0.0,0,0.0,0,0.0,16900,62,woman,bachelor,english-only,united-states,,include,,include,main-exp-1.0.0
record_000133.json,U001030,main-experiment,main-experiment-package-1.2.0,main,P000152,S000004,T000159,datapipe-sequential-package,package,28,60,package,low,TRY?,did,simple,positive,False,True,2483,2923,51342,P?|TRY?|NAT,64,0.64,62,0.62,26,0.26,123315,37,man,associate,english-only,united-kingdom,,include,,include,main-exp-1.0.0
record_000138.json,U000352,main-experiment,main-experiment-package-1.2.0,main,P000118,S000004,T000230,datapipe-sequential-package,package,29,61,package,low,TRY?,didnt,simple,negative,False,True,2851,1036,52506,TRY?|P?|NAT,83,0.83,90,0.9,78,0.78,12141,45,man,master,english-only,united-states,,include,,include,main-exp-1.0.0
record_000141.json,U000216,main-experiment,main-experiment-package-1.2.0,main,P000738,S000004,T000253,datapipe-sequential-package,package,31,63,package,low,TRY?,didnt_try,try,negative,False,True,2884,21501,126846,TRY?|P?|NAT,0,0.0,0,0.0,66,0.66,17899,19,man,some-college,english-only,canada,,include,,include,main-exp-1.0.0
record_000142.json,U001229,main-experiment,main-experiment-package-1.2.0,main,P000486,S000004,T000620,datapipe-sequential-package,package,29,61,package,low,TRY?,didnt,simple,negative,False,True,5992,4752,30398,TRY?|P?|NAT,0,0.0,0,0.0,60,0.6,16448,34,woman,high-school,english-only,canada,,include,,include,main-exp-1.0.0
record_000147.json,U001060,main-experiment,main-experiment-package-1.2.0,main,P000329,S000004,T001060,datapipe-sequential-package,package,21,53,package,low,P?,didnt,simple,negative,False,True,4373,3855,86530,TRY?|P?|NAT,0,0.0,0,0.0,100,1.0,22796,30,woman,high-school,english-only,united-states,,include,,include,main-exp-1.0.0
record_000148.json,U000542,main-experiment,main-experiment-package-1.2.0,main,P000900,S000004,T000636,datapipe-sequential-package,package,30,62,package,low,TRY?,tried,try,positive,False,True,27026,20627,50557,P?|TRY?|NAT,100,1.0,100,1.0,13,0.13,22586,34,woman,bachelor,english-only,united-states,,include,,include,main-exp-1.0.0
record_000153.json,U000018,main-experiment,main-experiment-package-1.2.0,main,P001060,S000004,T001080,datapipe-sequential-package,package,4,36,package,high,P?,did,simple,positive,False,True,8815,7220,59924,TRY?|P?|NAT,100,1.0,100,1.0,100,1.0,31589,49,man,high-school,english-only,united-states,,include,,include,main-exp-1.0.0
record_000154.json,U000145,main-experiment,main-experiment-package-1.2.0,main,P000494,S000004,T000981,datapipe-sequential-package,package,21,53,package,low,P?,didnt,simple,negative,False,True,24198,8558,89018,P?|TRY?|NAT,21,0.21,8,0.08,46,0.46,26739,62,woman,high-school,english-only,united-kingdom,,include,,include,main-exp-1.0.0
record_000155.json,U001093,main-experiment,main-experiment-package-1.2.0,main,P000621,S000004,T000369,datapipe-sequential-package,package,27,59,package,low,TRY?,didnt_fail,fail,negative,True,True,8271,1236,43353,TRY?|P?|NAT,7,0.07,4,0.04,3,0.03,27316,27,woman,doctoral-professional,english-only,united-states,,include,,include,main-exp-1.0.0
record_000158.json,U000538,main-experiment,main-experiment-package-1.2.0,main,P000156,S000004,T001085,datapipe-sequential-package,package,10,42,package,high,TRY?,failed,fail,positive,True,True,3357,3997,41737,TRY?|P?|NAT,48,0.48,41,0.41,60,0.6,39308,22,man,bachelor,english-only,united-states,,include,,include,main-exp-1.0.0
record_000159.json,U000789,main-experiment,main-experiment-package-1.2.0,main,P000969,S000004,T000977,datapipe-sequential-package,package,24,56,package,low,TRY?,managed,manage,positive,True,True,5145,1881,21986,TRY?|P?|NAT,100,1.0,100,1.0,59,0.59,148437,33,woman,bachelor,english-only,australia,,include,,include,main-exp-1.0.0
record_000161.json,U000788,main-experiment,main-experiment-package-1.2.0,main,P000081,S000004,T001053,datapipe-sequential-package,package,4,36,package,high,P?,did,simple,positive,False,True,33286,43345,60175,P?|TRY?|NAT,94,0.94,86,0.86,83,0.83,26319,63,man,bachelor,english-only,united-states,,include,,include,main-exp-1.0.0
record_000163.json,U000642,main-experiment,main-experiment-package-1.2.0,main,P000502,S000004,T000635,datapipe-sequential-package,package,25,57,package,low,TRY?,didnt_manage,manage,negative,True,True,4108,1582,37245,P?|TRY?|NAT,9,0.09,0,0.0,32,0.32,13758,28,woman,doctoral-professional,english-only,united-states,,include,,include,main-exp-1.0.0
record_000165.json,U000971,main-experiment,main-experiment-package-1.2.0,main,P000260,S000004,T000643,datapipe-sequential-package,package,8,40,package,high,TRY?,managed,manage,positive,True,True,2864,3149,37387,P?|TRY?|NAT,71,0.71,72,0.72,72,0.72,12179,22,man,bachelor,english-only,united-states,,include,,include,main-exp-1.0.0
record_000167.json,U000038,main-experiment,main-experiment-package-1.2.0,main,P001227,S000004,T000337,datapipe-sequential-package,package,3,35,package,high,P?,didnt_fail,fail,negative,True,True,24619,10570,50074,TRY?|P?|NAT,100,1.0,100,1.0,13,0.13,34042,53,woman,bachelor,english-only,united-states,,include,,include,main-exp-1.0.0
record_000171.json,U001040,main-experiment,main-experiment-package-1.2.0,main,P000671,S000004,T000687,datapipe-sequential-package,package,6,38,package,high,P?,tried,try,positive,False,True,28731,12242,62612,P?|TRY?|NAT,91,0.91,58,0.58,67,0.67,33345,20,man,high-school,english-and-other,united-kingdom,,include,,include,main-exp-1.0.0
record_000172.json,U000111,main-experiment,main-experiment-package-1.2.0,main,P000735,S000004,T001238,datapipe-sequential-package,package,24,56,package,low,TRY?,managed,manage,positive,True,True,24344,30006,76506,P?|TRY?|NAT,86,0.86,83,0.83,72,0.72,77875,31,man,bachelor,english-only,united-kingdom,,include,,include,main-exp-1.0.0
record_000175.json,U000620,main-experiment,main-experiment-package-1.2.0,main,P000513,S000004,T001122,datapipe-sequential-package,package,7,39,package,high,P?,didnt_try,try,negative,False,True,3656,2499,27322,TRY?|P?|NAT,24,0.24,80,0.8,67,0.67,17196,35,woman,bachelor,english-and-other,united-states,,include,,include,main-exp-1.0.0
record_000181.json,U001038,main-experiment,main-experiment-package-1.2.0,main,P000757,S000004,T000594,datapipe-sequential-package,package,11,43,package,high,TRY?,didnt_fail,fail,negative,True,True,2586,6881,30889,TRY?|P?|NAT,100,1.0,100,1.0,0,0.0,18983,52,man,high-school,english-only,united-states,,include,,include,main-exp-1.0.0
record_000182.json,U000654,main-experiment,main-experiment-package-1.2.0,main,P000409,S000004,T000767,datapipe-sequential-package,package,16,48,package,low,P?,managed,manage,positive,True,True,14532,11500,113982,P?|TRY?|NAT,75,0.75,88,0.88,52,0.52,110217,43,man,bachelor,english-only,united-kingdom,,include,,include,main-exp-1.0.0
record_000184.json,U001100,main-experiment,main-experiment-package-1.2.0,main,P001223,S000004,T000740,datapipe-sequential-package,package,16,48,package,low,P?,managed,manage,positive,True,True,5370,7362,40104,TRY?|P?|NAT,100,1.0,100,1.0,76,0.76,9661,57,man,bachelor,english-only,united-states,,include,,include,main-exp-1.0.0
record_000187.json,U000662,main-experiment,main-experiment-package-1.2.0,main,P000176,S000004,T001098,datapipe-sequential-package,package,6,38,package,high,P?,tried,try,positive,False,True,11812,1961,78078,TRY?|P?|NAT,6,0.06,1,0.01,75,0.75,17698,40,woman,bachelor,english-only,united-states,,include,,include,main-exp-1.0.0
record_000188.json,U001182,main-experiment,main-experiment-package-1.2.0,main,P000638,S000004,T000829,datapipe-sequential-package,package,18,50,package,low,P?,failed,fail,positive,True,True,2235,822,50966,P?|TRY?|NAT,66,0.66,19,0.19,55,0.55,30467,26,woman,some-college,english-only,united-kingdom,,include,,include,main-exp-1.0.0
record_000189.json,U001043,main-experiment,main-experiment-package-1.2.0,main,P000750,S000004,T000959,datapipe-sequential-package,package,27,59,package,low,TRY?,didnt_fail,fail,negative,True,True,24832,6153,41006,P?|TRY?|NAT,83,0.83,82,0.82,2,0.02,13816,42,man,bachelor,english-and-other,united-states,,include,,include,main-exp-1.0.0
record_000190.json,U000909,main-experiment,main-experiment-package-1.2.0,main,P000988,S000004,T001117,datapipe-sequential-package,package,17,49,package,low,P?,didnt_manage,manage,negative,True,True,3759,3191,30936,TRY?|P?|NAT,27,0.27,21,0.21,56,0.56,29791,41,woman,some-college,english-only,united-states,,include,,include,main-exp-1.0.0
record_000191.json,U001096,main-experiment,main-experiment-package-1.2.0,main,P000622,S000004,T000234,datapipe-sequential-package,package,15,47,package,high,TRY?,didnt_try,try,negative,False,True,3037,10632,118135,TRY?|P?|NAT,0,0.0,0,0.0,92,0.92,42527,37,man,master,english-and-other,australia,,include,,include,main-exp-1.0.0
record_000195.json,U001279,main-experiment,main-experiment-package-1.2.0,main,P000815,S000004,T000452,datapipe-sequential-package,package,21,53,package,low,P?,didnt,simple,negative,False,True,2309,3002,38941,TRY?|P?|NAT,14,0.14,12,0.12,77,0.77,13052,25,man,some-college,english-only,united-states,,include,,include,main-exp-1.0.0
record_000196.json,U001193,main-experiment,main-experiment-package-1.2.0,main,P001076,S000004,T000413,datapipe-sequential-package,package,5,37,package,high,P?,didnt,simple,negative,False,True,10814,25000,54827,P?|TRY?|NAT,0,0.0,0,0.0,100,1.0,138215,31,man,master,english-only,united-kingdom,,include,,include,main-exp-1.0.0
record_000198.json,U001149,main-experiment,main-experiment-package-1.2.0,main,P000382,S000004,T000011,datapipe-sequential-package,package,13,45,package,high,TRY?,didnt,simple,negative,False,True,3168,5445,230506,TRY?|P?|NAT,8,0.08,0,0.0,40,0.4,52831,31,woman,bachelor,english-only,canada,,include,,include,main-exp-1.0.0
record_000199.json,U000397,main-experiment,main-experiment-package-1.2.0,main,P000655,S000004,T000184,datapipe-sequential-package,package,9,41,package,high,TRY?,didnt_manage,manage,negative,True,True,37364,9815,49038,P?|TRY?|NAT,28,0.28,23,0.23,63,0.63,20765,63,man,high-school,english-only,united-states,,include,,include,main-exp-1.0.0
record_000201.json,U000709,main-experiment,main-experiment-package-1.2.0,main,P000824,S000004,T000355,datapipe-sequential-package,package,5,37,package,high,P?,didnt,simple,negative,False,True,2699,1529,27436,TRY?|P?|NAT,13,0.13,11,0.11,76,0.76,14700,30,woman,bachelor,english-only,new-zealand,,include,,include,main-exp-1.0.0
record_000202.json,U000110,main-experiment,main-experiment-package-1.2.0,main,P000207,S000004,T000301,datapipe-sequential-package,package,26,58,package,low,TRY?,failed,fail,positive,True,True,4482,7898,41168,P?|TRY?|NAT,0,0.0,0,0.0,100,1.0,20303,30,woman,some-college,english-only,united-kingdom,,include,,include,main-exp-1.0.0
record_000203.json,U000485,main-experiment,main-experiment-package-1.2.0,main,P000678,S000004,T000908,datapipe-sequential-package,package,14,46,package,high,TRY?,tried,try,positive,False,True,3450,1516,75177,P?|TRY?|NAT,100,1.0,0,0.0,36,0.36,13909,27,man,master,english-and-other,australia,,include,,include,main-exp-1.0.0
record_000204.json,U000302,main-experiment,main-experiment-package-1.2.0,main,P000062,S000004,T001084,datapipe-sequential-package,package,14,46,package,high,TRY?,tried,try,positive,False,True,6249,5120,35245,TRY?|P?|NAT,62,0.62,62,0.62,60,0.6,22100,46,woman,bachelor,english-only,united-states,,include,,include,main-exp-1.0.0
record_000205.json,U001157,main-experiment,main-experiment-package-1.2.0,main,P000497,S000004,T000520,datapipe-sequential-package,package,31,63,package,low,TRY?,didnt_try,try,negative,False,True,11123,6455,56880,TRY?|P?|NAT,27,0.27,35,0.35,18,0.18,22446,20,woman,bachelor,english-and-other,united-kingdom,,include,,include,main-exp-1.0.0
record_000207.json,U000140,main-experiment,main-experiment-package-1.2.0,main,P000564,S000004,T001065,datapipe-sequential-package,package,13,45,package,high,TRY?,didnt,simple,negative,False,True,55812,1665,51279,P?|TRY?|NAT,50,0.5,50,0.5,50,0.5,15895,43,man,bachelor,english-only,united-states,,include,,include,main-exp-1.0.0
record_000212.json,U000815,main-experiment,main-experiment-package-1.2.0,main,P001305,S000004,T000222,datapipe-sequential-package,package,15,47,package,high,TRY?,didnt_try,try,negative,False,True,6870,11030,77284,P?|TRY?|NAT,0,0.0,0,0.0,19,0.19,19905,70,man,doctoral-professional,english-only,united-states,,include,,include,main-exp-1.0.0
record_000225.json,U000637,main-experiment,main-experiment-package-1.2.0,main,P000984,S000004,T000060,datapipe-sequential-package,package,4,36,package,high,P?,did,simple,positive,False,True,2993,1935,42039,P?|TRY?|NAT,67,0.67,79,0.79,57,0.57,12264,39,man,associate,english-only,united-states,,include,,include,main-exp-1.0.0
record_000226.json,U001081,main-experiment,main-experiment-package-1.2.0,main,P000019,S000004,T000551,datapipe-sequential-package,package,21,53,package,low,P?,didnt,simple,negative,False,True,8921,5385,66823,P?|TRY?|NAT,2,0.02,4,0.04,90,0.9,19842,21,man,bachelor,english-only,canada,,include,,include,main-exp-1.0.0
record_000227.json,U000530,main-experiment,main-experiment-package-1.2.0,main,P000344,S000004,T001166,datapipe-sequential-package,package,12,44,package,high,TRY?,did,simple,positive,False,True,12219,36656,73714,TRY?|P?|NAT,88,0.88,78,0.78,97,0.97,65766,34,man,bachelor,english-only,united-states,,include,,include,main-exp-1.0.0
record_000228.json,U000055,main-experiment,main-experiment-package-1.2.0,main,P000087,S000004,T000072,datapipe-sequential-package,package,17,49,package,low,P?,didnt_manage,manage,negative,True,True,3017,1148,43556,TRY?|P?|NAT,0,0.0,0,0.0,0,0.0,21702,67,woman,some-college,english-only,united-states,,include,,include,main-exp-1.0.0
record_000230.json,U000870,main-experiment,main-experiment-package-1.2.0,main,P000778,S000004,T001307,datapipe-sequential-package,package,28,60,package,low,TRY?,did,simple,positive,False,True,162269,12207,68317,P?|TRY?|NAT,16,0.16,18,0.18,26,0.26,34103,50,woman,master,english-only,united-states,,include,,include,main-exp-1.0.0
record_000231.json,U001225,main-experiment,main-experiment-package-1.2.0,main,P001114,S000004,T000886,datapipe-sequential-package,package,19,51,package,low,P?,didnt_fail,fail,negative,True,True,6603,4106,33389,TRY?|P?|NAT,6,0.06,0,0.0,27,0.27,17304,44,man,master,english-only,united-kingdom,,include,,include,main-exp-1.0.0
record_000233.json,U000579,main-experiment,main-experiment-package-1.2.0,main,P000229,S000004,T000787,datapipe-sequential-package,package,23,55,package,low,P?,didnt_try,try,negative,False,True,6243,8288,66655,P?|TRY?|NAT,3,0.03,3,0.03,24,0.24,42924,62,man,high-school,english-only,united-kingdom,,include,,include,main-exp-1.0.0
record_000237.json,U001223,main-experiment,main-experiment-package-1.2.0,main,P001157,S000004,T000826,datapipe-sequential-package,package,28,60,package,low,TRY?,did,simple,positive,False,True,2628,7242,41334,P?|TRY?|NAT,27,0.27,50,0.5,62,0.62,15503,39,woman,doctoral-professional,english-only,united-states,,include,,include,main-exp-1.0.0
record_000238.json,U001208,main-experiment,main-experiment-package-1.2.0,main,P000658,S000004,T000676,datapipe-sequential-package,package,6,38,package,high,P?,tried,try,positive,False,True,4559,4370,82775,TRY?|P?|NAT,89,0.89,13,0.13,12,0.12,16936,28,man,high-school,english-only,united-states,,include,,include,main-exp-1.0.0
record_000240.json,U000021,main-experiment,main-experiment-package-1.2.0,main,P000177,S000004,T001275,datapipe-sequential-package,package,12,44,package,high,TRY?,did,simple,positive,False,True,1866,2738,39324,TRY?|P?|NAT,51,0.51,84,0.84,86,0.86,13169,32,man,bachelor,english-and-other,united-states,,include,,include,main-exp-1.0.0
record_000244.json,U000881,main-experiment,main-experiment-package-1.2.0,main,P000370,S000004,T000213,datapipe-sequential-package,package,1,33,package,high,P?,didnt_manage,manage,negative,True,True,85413,13972,49663,TRY?|P?|NAT,100,1.0,2,0.02,100,1.0,24709,29,man,associate,english-only,united-states,,include,,include,main-exp-1.0.0
record_000254.json,U000685,main-experiment,main-experiment-package-1.2.0,main,P000579,S000004,T000986,datapipe-sequential-package,package,11,43,package,high,TRY?,didnt_fail,fail,negative,True,True,5725,1563,42509,TRY?|P?|NAT,97,0.97,96,0.96,0,0.0,17684,28,man,master,english-only,united-states,,include,,include,main-exp-1.0.0
record_000260.json,U000912,main-experiment,main-experiment-package-1.2.0,main,P000052,S000004,T001184,datapipe-sequential-package,package,1,33,package,high,P?,didnt_manage,manage,negative,True,True,3114,8406,50936,P?|TRY?|NAT,61,0.61,36,0.36,54,0.54,13090,32,woman,high-school,english-only,canada,,include,,include,main-exp-1.0.0
record_000266.json,U001291,main-experiment,main-experiment-package-1.2.0,main,P000711,S000004,T000845,datapipe-sequential-package,package,18,50,package,low,P?,failed,fail,positive,True,True,11419,5352,62334,P?|TRY?|NAT,0,0.0,0,0.0,15,0.15,17542,30,woman,bachelor,english-and-other,united-kingdom,,include,,include,main-exp-1.0.0
record_000267.json,U000406,main-experiment,main-experiment-package-1.2.0,main,P000524,S000004,T000822,datapipe-sequential-package,package,21,53,package,low,P?,didnt,simple,negative,False,True,24622,2677,41383,P?|TRY?|NAT,0,0.0,0,0.0,100,1.0,17405,49,woman,associate,english-and-other,canada,,include,,include,main-exp-1.0.0
record_000271.json,U000863,main-experiment,main-experiment-package-1.2.0,main,P000861,S000004,T000617,datapipe-sequential-package,package,28,60,package,low,TRY?,did,simple,positive,False,True,2309,1208,23112,TRY?|P?|NAT,90,0.9,89,0.89,85,0.85,17554,27,woman,master,english-and-other,united-states,,include,,include,main-exp-1.0.0
record_000274.json,U001187,main-experiment,main-experiment-package-1.2.0,main,P000577,S000004,T000749,datapipe-sequential-package,package,4,36,package,high,P?,did,simple,positive,False,True,3896,3731,34148,P?|TRY?|NAT,84,0.84,79,0.79,89,0.89,11092,55,man,bachelor,english-only,united-states,,include,,include,main-exp-1.0.0
record_000276.json,U000318,main-experiment,main-experiment-package-1.2.0,main,P000412,S000004,T000165,datapipe-sequential-package,package,23,55,package,low,P?,didnt_try,try,negative,False,True,2267,4429,41626,TRY?|P?|NAT,5,0.05,4,0.04,72,0.72,10702,38,man,high-school,english-only,canada,,include,,include,main-exp-1.0.0
record_000278.json,U001221,main-experiment,main-experiment-package-1.2.0,main,P000040,S000004,T000900,datapipe-sequential-package,package,5,37,package,high,P?,didnt,simple,negative,False,True,10410,2938,51784,TRY?|P?|NAT,54,0.54,0,0.0,68,0.68,12435,34,woman,doctoral-professional,english-only,united-states,,include,,include,main-exp-1.0.0
record_000280.json,U000153,main-experiment,main-experiment-package-1.2.0,main,P000596,S000004,T001261,datapipe-sequential-package,package,24,56,package,low,TRY?,managed,manage,positive,True,True,11438,5119,45994,TRY?|P?|NAT,16,0.16,9,0.09,12,0.12,45515,44,man,some-college,english-only,united-states,,include,,include,main-exp-1.0.0
record_000283.json,U000135,main-experiment,main-experiment-package-1.2.0,main,P000884,S000004,T000640,datapipe-sequential-package,package,14,46,package,high,TRY?,tried,try,positive,False,True,5622,3630,48308,P?|TRY?|NAT,74,0.74,75,0.75,21,0.21,30084,35,woman,bachelor,english-only,united-kingdom,,include,,include,main-exp-1.0.0
record_000286.json,U000506,main-experiment,main-experiment-package-1.2.0,main,P000660,S000004,T000795,datapipe-sequential-package,package,22,54,package,low,P?,tried,try,positive,False,True,168861,1738,10034,P?|TRY?|NAT,8,0.08,1,0.01,0,0.0,23737,30,man,master,english-only,united-kingdom,,include,,include,main-exp-1.0.0
record_000290.json,U001273,main-experiment,main-experiment-package-1.2.0,main,P000964,S000004,T001006,datapipe-sequential-package,package,8,40,package,high,TRY?,managed,manage,positive,True,True,1960,1640,18942,P?|TRY?|NAT,70,0.7,65,0.65,60,0.6,10903,46,woman,master,english-only,australia,,include,,include,main-exp-1.0.0
record_000292.json,U001035,main-experiment,main-experiment-package-1.2.0,main,P000532,S000004,T001005,datapipe-sequential-package,package,31,63,package,low,TRY?,didnt_try,try,negative,False,True,13836,15174,77358,P?|TRY?|NAT,3,0.03,3,0.03,68,0.68,30341,30,man,master,english-only,united-kingdom,,include,,include,main-exp-1.0.0
record_000294.json,U000218,main-experiment,main-experiment-package-1.2.0,main,P000236,S000004,T000099,datapipe-sequential-package,package,31,63,package,low,TRY?,didnt_try,try,negative,False,True,2053,2215,58859,P?|TRY?|NAT,17,0.17,24,0.24,59,0.59,10814,43,man,some-college,english-only,united-states,,include,,include,main-exp-1.0.0
record_000296.json,U000996,main-experiment,main-experiment-package-1.2.0,main,P000191,S000004,T000562,datapipe-sequential-package,package,26,58,package,low,TRY?,failed,fail,positive,True,True,15379,8020,80422,TRY?|P?|NAT,1,0.01,1,0.01,0,0.0,36909,38,man,high-school,english-only,united-kingdom,,include,,include,main-exp-1.0.0
record_000303.json,U001159,main-experiment,main-experiment-package-1.2.0,main,P000174,S000004,T000019,datapipe-sequential-package,package,24,56,package,low,TRY?,managed,manage,positive,True,True,4720,8398,42479,P?|TRY?|NAT,85,0.85,83,0.83,100,1.0,18179,41,woman,associate,english-only,united-states,,include,,include,main-exp-1.0.0
record_000304.json,U000288,main-experiment,main-experiment-package-1.2.0,main,P000406,S000004,T000923,datapipe-sequential-package,package,4,36,package,high,P?,did,simple,positive,False,True,3064,6886,50531,P?|TRY?|NAT,71,0.71,97,0.97,94,0.94,14571,35,woman,master,english-only,united-states,,include,,include,main-exp-1.0.0
record_000307.json,U000915,main-experiment,main-experiment-package-1.2.0,main,P000014,S000004,T000233,datapipe-sequential-package,package,14,46,package,high,TRY?,tried,try,positive,False,True,3008,2673,45582,P?|TRY?|NAT,3,0.03,3,0.03,85,0.85,221487,39,man,bachelor,english-only,united-states,,include,,include,main-exp-1.0.0
record_000310.json,U000664,main-experiment,main-experiment-package-1.2.0,main,P000588,S000004,T001205,datapipe-sequential-package,package,29,61,package,low,TRY?,didnt,simple,negative,False,True,2584,2398,31538,P?|TRY?|NAT,18,0.18,18,0.18,71,0.71,11857,34,man,bachelor,english-only,united-states,,include,,include,main-exp-1.0.0
record_000312.json,U001302,main-experiment,main-experiment-package-1.2.0,main,P000858,S000004,T000152,datapipe-sequential-package,package,27,59,package,low,TRY?,didnt_fail,fail,negative,True,True,3451,3391,35447,TRY?|P?|NAT,0,0.0,0,0.0,0,0.0,13791,34,man,master,english-only,united-kingdom,,include,,include,main-exp-1.0.0
record_000315.json,U000381,main-experiment,main-experiment-package-1.2.0,main,P000676,S000004,T000627,datapipe-sequential-package,package,18,50,package,low,P?,failed,fail,positive,True,True,2177,784,699323,P?|TRY?|NAT,16,0.16,0,0.0,6,0.06,18536,28,man,master,english-only,united-states,,include,,include,main-exp-1.0.0
record_000316.json,U001287,main-experiment,main-experiment-package-1.2.0,main,P000917,S000004,T000062,datapipe-sequential-package,package,24,56,package,low,TRY?,managed,manage,positive,True,True,18803,4528,86389,TRY?|P?|NAT,0,0.0,0,0.0,0,0.0,27752,27,man,high-school,english-only,united-kingdom,,include,,include,main-exp-1.0.0
record_000321.json,U000122,main-experiment,main-experiment-package-1.2.0,main,P000722,S000004,T000877,datapipe-sequential-package,package,0,32,package,high,P?,managed,manage,positive,True,True,19000,2006,35430,TRY?|P?|NAT,96,0.96,93,0.93,90,0.9,16848,49,man,doctoral-professional,english-only,united-states,,include,,include,main-exp-1.0.0
record_000322.json,U000891,main-experiment,main-experiment-package-1.2.0,main,P000476,S000004,T000009,datapipe-sequential-package,package,21,53,package,low,P?,didnt,simple,negative,False,True,22329,7520,80416,P?|TRY?|NAT,13,0.13,31,0.31,62,0.62,40030,43,woman,bachelor,english-only,united-states,,include,,include,main-exp-1.0.0
record_000323.json,U001173,main-experiment,main-experiment-package-1.2.0,main,P001205,S000004,T000440,datapipe-sequential-package,package,8,40,package,high,TRY?,managed,manage,positive,True,True,6342,3129,65306,TRY?|P?|NAT,100,1.0,95,0.95,37,0.37,14401,54,man,bachelor,english-only,united-states,,include,,include,main-exp-1.0.0
record_000325.json,U001006,main-experiment,main-experiment-package-1.2.0,main,P000915,S000004,T000560,datapipe-sequential-package,package,3,35,package,high,P?,didnt_fail,fail,negative,True,True,10190,6487,48249,TRY?|P?|NAT,100,1.0,100,1.0,0,0.0,18749,24,woman,some-college,english-only,united-states,,include,,include,main-exp-1.0.0
record_000328.json,U000268,main-experiment,main-experiment-package-1.2.0,main,P001207,S000004,T001182,datapipe-sequential-package,package,8,40,package,high,TRY?,managed,manage,positive,True,True,4792,3273,42326,P?|TRY?|NAT,100,1.0,100,1.0,75,0.75,17900,46,man,bachelor,english-only,united-states,,include,,include,main-exp-1.0.0
record_000331.json,U000101,main-experiment,main-experiment-package-1.2.0,main,P001146,S000004,T000544,datapipe-sequential-package,package,19,51,package,low,P?,didnt_fail,fail,negative,True,True,21727,11339,75833,TRY?|P?|NAT,15,0.15,16,0.16,0,0.0,26702,54,woman,bachelor,english-only,united-kingdom,,include,,include,main-exp-1.0.0
record_000333.json,U000818,main-experiment,main-experiment-package-1.2.0,main,P000922,S000004,T000610,datapipe-sequential-package,package,27,59,package,low,TRY?,didnt_fail,fail,negative,True,True,32868,10483,126060,P?|TRY?|NAT,30,0.3,17,0.17,34,0.34,25463,35,man,bachelor,english-and-other,australia,,include,,include,main-exp-1.0.0
record_000335.json,U000673,main-experiment,main-experiment-package-1.2.0,main,P000849,S000004,T000484,datapipe-sequential-package,package,12,44,package,high,TRY?,did,simple,positive,False,True,11060,44425,85474,P?|TRY?|NAT,94,0.94,95,0.95,89,0.89,18404,54,woman,master,english-only,united-states,,include,,include,main-exp-1.0.0
record_000336.json,U000428,main-experiment,main-experiment-package-1.2.0,main,P000277,S000004,T001283,datapipe-sequential-package,package,13,45,package,high,TRY?,didnt,simple,negative,False,True,15777,1649,72079,P?|TRY?|NAT,85,0.85,11,0.11,83,0.83,20199,51,man,bachelor,english-and-other,australia,,include,,include,main-exp-1.0.0
record_000341.json,U000162,main-experiment,main-experiment-package-1.2.0,main,P000338,S000004,T000931,datapipe-sequential-package,package,13,45,package,high,TRY?,didnt,simple,negative,False,True,5901,2564,97983,TRY?|P?|NAT,55,0.55,18,0.18,84,0.84,21527,22,woman,some-college,english-only,united-states,,include,,include,main-exp-1.0.0
record_000342.json,U000758,main-experiment,main-experiment-package-1.2.0,main,P000354,S000004,T000474,datapipe-sequential-package,package,1,33,package,high,P?,didnt_manage,manage,negative,True,True,5707,1261,30328,P?|TRY?|NAT,71,0.71,0,0.0,0,0.0,16398,21,man,bachelor,english-only,canada,,include,,include,main-exp-1.0.0
record_000346.json,U000742,main-experiment,main-experiment-package-1.2.0,main,P000960,S000004,T000240,datapipe-sequential-package,package,5,37,package,high,P?,didnt,simple,negative,False,True,18380,9285,73259,TRY?|P?|NAT,0,0.0,0,0.0,100,1.0,31515,59,woman,some-college,english-only,united-states,,include,,include,main-exp-1.0.0
record_000347.json,U000375,main-experiment,main-experiment-package-1.2.0,main,P000843,S000004,T000185,datapipe-sequential-package,package,5,37,package,high,P?,didnt,simple,negative,False,True,6711,21115,175420,TRY?|P?|NAT,53,0.53,3,0.03,98,0.98,35495,50,man,some-college,english-only,united-states,,include,,include,main-exp-1.0.0
record_000350.json,U000572,main-experiment,main-experiment-package-1.2.0,main,P000336,S000004,T001298,datapipe-sequential-package,package,21,53,package,low,P?,didnt,simple,negative,False,True,2582,3159,32188,TRY?|P?|NAT,18,0.18,19,0.19,68,0.68,11389,30,man,high-school,english-only,united-states,,include,,include,main-exp-1.0.0
record_000351.json,U000727,main-experiment,main-experiment-package-1.2.0,main,P001152,S000004,T000015,datapipe-sequential-package,package,2,34,package,high,P?,failed,fail,positive,True,True,3701,5833,68293,P?|TRY?|NAT,0,0.0,81,0.81,100,1.0,23225,43,man,master,english-only,united-states,,include,,include,main-exp-1.0.0
record_000358.json,U000354,main-experiment,main-experiment-package-1.2.0,main,P001110,S000004,T001167,datapipe-sequential-package,package,16,48,package,low,P?,managed,manage,positive,True,True,3133,996,11299,P?|TRY?|NAT,82,0.82,75,0.75,34,0.34,56067,23,man,bachelor,english-only,united-states,,include,,include,main-exp-1.0.0
record_000360.json,U000893,main-experiment,main-experiment-package-1.2.0,main,P001022,S000004,T001047,datapipe-sequential-package,package,3,35,package,high,P?,didnt_fail,fail,negative,True,True,5819,5774,54427,P?|TRY?|NAT,80,0.8,100,1.0,35,0.35,19377,46,woman,bachelor,english-and-other,united-kingdom,,include,,include,main-exp-1.0.0
record_000363.json,U000068,main-experiment,main-experiment-package-1.2.0,main,P000322,S000004,T000696,datapipe-sequential-package,package,11,43,package,high,TRY?,didnt_fail,fail,negative,True,True,6873,2061,33332,P?|TRY?|NAT,96,0.96,97,0.97,34,0.34,26698,21,woman,bachelor,english-only,united-states,,include,,include,main-exp-1.0.0
record_000367.json,U000086,main-experiment,main-experiment-package-1.2.0,main,P000142,S000004,T001186,datapipe-sequential-package,package,7,39,package,high,P?,didnt_try,try,negative,False,True,8441,6809,42681,TRY?|P?|NAT,73,0.73,82,0.82,28,0.28,17813,24,woman,bachelor,english-only,united-states,,include,,include,main-exp-1.0.0
record_000377.json,U000196,main-experiment,main-experiment-package-1.2.0,main,P001181,S000004,T000774,datapipe-sequential-package,package,1,33,package,high,P?,didnt_manage,manage,negative,True,True,49040,11902,50245,P?|TRY?|NAT,68,0.68,0,0.0,58,0.58,32969,22,man,some-college,english-only,united-states,,include,,include,main-exp-1.0.0
record_000378.json,U000721,main-experiment,main-experiment-package-1.2.0,main,P001232,S000004,T000333,datapipe-sequential-package,package,3,35,package,high,P?,didnt_fail,fail,negative,True,True,2736,5041,34174,TRY?|P?|NAT,100,1.0,100,1.0,61,0.61,14648,24,man,high-school,english-only,united-states,,include,,include,main-exp-1.0.0
record_000379.json,U000146,main-experiment,main-experiment-package-1.2.0,main,P000510,S000004,T000415,datapipe-sequential-package,package,9,41,package,high,TRY?,didnt_manage,manage,negative,True,True,2264,3418,64385,TRY?|P?|NAT,98,0.98,1,0.01,42,0.42,10029,33,man,associate,english-only,united-states,,include,,include,main-exp-1.0.0
record_000380.json,U000578,main-experiment,main-experiment-package-1.2.0,main,P001000,S000004,T001094,datapipe-sequential-package,package,23,55,package,low,P?,didnt_try,try,negative,False,True,4379,9100,39983,P?|TRY?|NAT,6,0.06,6,0.06,43,0.43,50799,43,man,doctoral-professional,english-only,united-states,,include,,include,main-exp-1.0.0
record_000389.json,U000599,main-experiment,main-experiment-package-1.2.0,main,P000058,S000004,T000052,datapipe-sequential-package,package,31,63,package,low,TRY?,didnt_try,try,negative,False,True,11208,5708,50868,P?|TRY?|NAT,59,0.59,20,0.2,96,0.96,20529,33,woman,bachelor,english-only,united-kingdom,,include,,include,main-exp-1.0.0
record_000392.json,U000120,main-experiment,main-experiment-package-1.2.0,main,P001208,S000004,T000803,datapipe-sequential-package,package,3,35,package,high,P?,didnt_fail,fail,negative,True,True,236803,4699,33086,P?|TRY?|NAT,84,0.84,90,0.9,2,0.02,9831,42,man,bachelor,english-only,united-states,,include,,include,main-exp-1.0.0
record_000394.json,U000994,main-experiment,main-experiment-package-1.2.0,main,P000810,S000004,T001245,datapipe-sequential-package,package,22,54,package,low,P?,tried,try,positive,False,True,15447,3729,147618,TRY?|P?|NAT,73,0.73,76,0.76,80,0.8,11202,34,man,bachelor,english-only,united-states,,include,,include,main-exp-1.0.0
record_000396.json,U000810,main-experiment,main-experiment-package-1.2.0,main,P000946,S000004,T000137,datapipe-sequential-package,package,16,48,package,low,P?,managed,manage,positive,True,True,2719,6969,56250,TRY?|P?|NAT,36,0.36,36,0.36,18,0.18,34537,31,man,high-school,english-only,united-states,,include,,include,main-exp-1.0.0
record_000400.json,U000143,main-experiment,main-experiment-package-1.2.0,main,P000349,S000004,T001267,datapipe-sequential-package,package,2,34,package,high,P?,failed,fail,positive,True,True,39944,8302,97398,P?|TRY?|NAT,47,0.47,22,0.22,24,0.24,52223,57,woman,some-college,english-only,united-states,,include,,include,main-exp-1.0.0
record_000401.json,U000368,main-experiment,main-experiment-package-1.2.0,main,P000272,S000004,T000428,datapipe-sequential-package,package,21,53,package,low,P?,didnt,simple,negative,False,True,17349,6439,44256,P?|TRY?|NAT,21,0.21,22,0.22,23,0.23,15931,29,man,bachelor,english-and-other,canada,,include,,include,main-exp-1.0.0
record_000408.json,U001139,main-experiment,main-experiment-package-1.2.0,main,P001289,S000004,T001089,datapipe-sequential-package,package,24,56,package,low,TRY?,managed,manage,positive,True,True,12321,5445,37645,P?|TRY?|NAT,100,1.0,100,1.0,77,0.77,21091,35,woman,some-college,english-only,australia,,include,,include,main-exp-1.0.0
record_000411.json,U001297,main-experiment,main-experiment-package-1.2.0,main,P000695,S000004,T000654,datapipe-sequential-package,package,28,60,package,low,TRY?,did,simple,positive,False,True,2836,2320,48480,TRY?|P?|NAT,70,0.7,100,1.0,12,0.12,10914,26,non-binary,bachelor,english-only,united-states,,include,,include,main-exp-1.0.0
record_000414.json,U000236,main-experiment,main-experiment-package-1.2.0,main,P000781,S000004,T001156,datapipe-sequential-package,package,26,58,package,low,TRY?,failed,fail,positive,True,True,9372,5834,45375,TRY?|P?|NAT,0,0.0,0,0.0,10,0.1,20055,55,woman,bachelor,english-only,united-states,,include,,include,main-exp-1.0.0
record_000415.json,U000636,main-experiment,main-experiment-package-1.2.0,main,P000287,S000004,T000598,datapipe-sequential-package,package,4,36,package,high,P?,did,simple,positive,False,True,6875,6173,42308,TRY?|P?|NAT,100,1.0,87,0.87,91,0.91,73969,38,man,associate,english-only,united-states,,include,,include,main-exp-1.0.0
record_000420.json,U000158,main-experiment,main-experiment-package-1.2.0,main,P001151,S000004,T001159,datapipe-sequential-package,package,10,42,package,high,TRY?,failed,fail,positive,True,True,54029,90077,88150,P?|TRY?|NAT,48,0.48,19,0.19,4,0.04,29182,42,woman,master,english-only,united-states,,include,,include,main-exp-1.0.0
record_000424.json,U000453,main-experiment,main-experiment-package-1.2.0,main,P000970,S000004,T000735,datapipe-sequential-package,package,11,43,package,high,TRY?,didnt_fail,fail,negative,True,True,2997,6519,49258,TRY?|P?|NAT,100,1.0,94,0.94,9,0.09,15197,36,woman,bachelor,english-only,united-states,,include,,include,main-exp-1.0.0
record_000425.json,U001014,main-experiment,main-experiment-package-1.2.0,main,P001136,S000004,T000707,datapipe-sequential-package,package,22,54,package,low,P?,tried,try,positive,False,True,3286,4349,44645,P?|TRY?|NAT,0,0.0,5,0.05,85,0.85,17185,34,man,some-college,english-only,united-states,,include,,include,main-exp-1.0.0
record_000426.json,U000688,main-experiment,main-experiment-package-1.2.0,main,P000758,S000004,T000572,datapipe-sequential-package,package,17,49,package,low,P?,didnt_manage,manage,negative,True,True,22123,6483,43442,P?|TRY?|NAT,3,0.03,4,0.04,28,0.28,22078,34,man,some-college,english-only,canada,,include,,include,main-exp-1.0.0
record_000427.json,U000880,main-experiment,main-experiment-package-1.2.0,main,P000996,S000004,T001113,datapipe-sequential-package,package,19,51,package,low,P?,didnt_fail,fail,negative,True,True,4550,2644,51680,TRY?|P?|NAT,75,0.75,100,1.0,2,0.02,33733,38,woman,some-college,english-and-other,united-states,,include,,include,main-exp-1.0.0
record_000429.json,U000097,main-experiment,main-experiment-package-1.2.0,main,P000098,S000004,T000754,datapipe-sequential-package,package,0,32,package,high,P?,managed,manage,positive,True,True,6721,77122,33042,TRY?|P?|NAT,100,1.0,100,1.0,44,0.44,32295,47,woman,bachelor,english-only,united-states,,include,,include,main-exp-1.0.0
record_000431.json,U000737,main-experiment,main-experiment-package-1.2.0,main,P000820,S000004,T000625,datapipe-sequential-package,package,30,62,package,low,TRY?,tried,try,positive,False,True,109072,5064,46332,TRY?|P?|NAT,0,0.0,0,0.0,0,0.0,14092,29,woman,master,english-only,canada,,include,,include,main-exp-1.0.0
record_000435.json,U000496,main-experiment,main-experiment-package-1.2.0,main,P000685,S000004,T000299,datapipe-sequential-package,package,7,39,package,high,P?,didnt_try,try,negative,False,True,22320,7075,90070,TRY?|P?|NAT,36,0.36,36,0.36,72,0.72,31965,46,man,bachelor,english-only,canada,,include,,include,main-exp-1.0.0
record_000437.json,U000612,main-experiment,main-experiment-package-1.2.0,main,P000483,S000004,T000688,datapipe-sequential-package,package,0,32,package,high,P?,managed,manage,positive,True,True,1635,1258,19877,P?|TRY?|NAT,100,1.0,94,0.94,100,1.0,11024,43,man,bachelor,english-only,united-states,,include,,include,main-exp-1.0.0
record_000438.json,U000402,main-experiment,main-experiment-package-1.2.0,main,P001059,S000004,T000345,datapipe-sequential-package,package,18,50,package,low,P?,failed,fail,positive,True,True,43698,16320,70186,P?|TRY?|NAT,11,0.11,10,0.1,69,0.69,49803,27,man,master,english-only,united-kingdom,,include,,include,main-exp-1.0.0
record_000439.json,U001275,main-experiment,main-experiment-package-1.2.0,main,P000138,S000004,T001242,datapipe-sequential-package,package,25,57,package,low,TRY?,didnt_manage,manage,negative,True,True,15252,3445,49805,P?|TRY?|NAT,14,0.14,7,0.07,79,0.79,23648,25,man,master,english-only,united-kingdom,,include,,include,main-exp-1.0.0
record_000443.json,U000463,main-experiment,main-experiment-package-1.2.0,main,P001174,S000004,T000173,datapipe-sequential-package,package,26,58,package,low,TRY?,failed,fail,positive,True,True,45327,3949,30666,TRY?|P?|NAT,14,0.14,0,0.0,62,0.62,20104,44,man,doctoral-professional,english-only,united-states,,include,,include,main-exp-1.0.0
record_000446.json,U000039,main-experiment,main-experiment-package-1.2.0,main,P000539,S000004,T000142,datapipe-sequential-package,package,20,52,package,low,P?,did,simple,positive,False,True,3019,6245,73492,P?|TRY?|NAT,15,0.15,18,0.18,74,0.74,37255,35,man,some-college,english-and-other,united-states,,include,,include,main-exp-1.0.0
record_000447.json,U000968,main-experiment,main-experiment-package-1.2.0,main,P000461,S000004,T001189,datapipe-sequential-package,package,24,56,package,low,TRY?,managed,manage,positive,True,True,4457,9890,80228,TRY?|P?|NAT,100,1.0,100,1.0,46,0.46,39625,64,woman,associate,english-only,united-states,,include,,include,main-exp-1.0.0
record_000448.json,U001153,main-experiment,main-experiment-package-1.2.0,main,P000541,S000004,T001290,datapipe-sequential-package,package,8,40,package,high,TRY?,managed,manage,positive,True,True,8463,7661,44961,TRY?|P?|NAT,100,1.0,100,1.0,28,0.28,28945,66,man,some-college,english-only,united-states,,include,,include,main-exp-1.0.0
record_000452.json,U000973,main-experiment,main-experiment-package-1.2.0,main,P000013,S000004,T001263,datapipe-sequential-package,package,31,63,package,low,TRY?,didnt_try,try,negative,False,True,8441,7999,71110,P?|TRY?|NAT,2,0.02,3,0.03,88,0.88,28633,51,man,bachelor,english-only,united-states,,include,,include,main-exp-1.0.0
record_000455.json,U000946,main-experiment,main-experiment-package-1.2.0,main,P000698,S000004,T001160,datapipe-sequential-package,package,5,37,package,high,P?,didnt,simple,negative,False,True,40427,11442,22166,P?|TRY?|NAT,0,0.0,0,0.0,100,1.0,15303,41,woman,associate,english-only,australia,,include,,include,main-exp-1.0.0
record_000456.json,U000300,main-experiment,main-experiment-package-1.2.0,main,P000590,S000004,T000666,datapipe-sequential-package,package,30,62,package,low,TRY?,tried,try,positive,False,True,57854,2221,81006,TRY?|P?|NAT,0,0.0,0,0.0,72,0.72,15680,30,woman,bachelor,english-only,canada,,include,,include,main-exp-1.0.0
record_000458.json,U001166,main-experiment,main-experiment-package-1.2.0,main,P001203,S000004,T000830,datapipe-sequential-package,package,22,54,package,low,P?,tried,try,positive,False,True,12990,7208,79115,TRY?|P?|NAT,4,0.04,0,0.0,100,1.0,17432,51,man,master,english-only,united-states,,include,,include,main-exp-1.0.0
record_000459.json,U000279,main-experiment,main-experiment-package-1.2.0,main,P000201,S000004,T001055,datapipe-sequential-package,package,8,40,package,high,TRY?,managed,manage,positive,True,True,5800,1895,37203,TRY?|P?|NAT,29,0.29,23,0.23,32,0.32,46581,30,man,bachelor,english-only,new-zealand,,include,,include,main-exp-1.0.0
record_000460.json,U000258,main-experiment,main-experiment-package-1.2.0,main,P000263,S000004,T001176,datapipe-sequential-package,package,31,63,package,low,TRY?,didnt_try,try,negative,False,True,5530,6022,27595,TRY?|P?|NAT,8,0.08,1,0.01,63,0.63,15012,37,woman,high-school,english-only,united-states,,include,,include,main-exp-1.0.0
record_000463.json,U001196,main-experiment,main-experiment-package-1.2.0,main,P000801,S000004,T000681,datapipe-sequential-package,package,14,46,package,high,TRY?,tried,try,positive,False,True,13214,5185,72963,P?|TRY?|NAT,85,0.85,19,0.19,35,0.35,25288,38,man,prefer-not-to-say,english-only,united-states,,include,,include,main-exp-1.0.0
record_000468.json,U000665,main-experiment,main-experiment-package-1.2.0,main,P000439,S000004,T000765,datapipe-sequential-package,package,7,39,package,high,P?,didnt_try,try,negative,False,True,14026,6437,57090,TRY?|P?|NAT,21,0.21,3,0.03,81,0.81,14847,52,man,bachelor,english-only,new-zealand,,include,,include,main-exp-1.0.0
record_000470.json,U000204,main-experiment,main-experiment-package-1.2.0,main,P000734,S000004,T001067,datapipe-sequential-package,package,19,51,package,low,P?,didnt_fail,fail,negative,True,True,24083,23816,99352,TRY?|P?|NAT,76,0.76,74,0.74,22,0.22,44529,31,woman,bachelor,english-and-other,united-states,,include,,include,main-exp-1.0.0
record_000473.json,U000656,main-experiment,main-experiment-package-1.2.0,main,P000846,S000004,T000573,datapipe-sequential-package,package,19,51,package,low,P?,didnt_fail,fail,negative,True,True,2564,4707,57339,TRY?|P?|NAT,18,0.18,21,0.21,0,0.0,18538,37,man,bachelor,english-and-other,united-states,,include,,include,main-exp-1.0.0
record_000481.json,U001067,main-experiment,main-experiment-package-1.2.0,main,P000402,S000004,T000786,datapipe-sequential-package,package,2,34,package,high,P?,failed,fail,positive,True,True,9756,4218,60184,TRY?|P?|NAT,27,0.27,0,0.0,8,0.08,13225,42,man,bachelor,english-only,united-states,,include,,include,main-exp-1.0.0
record_000488.json,U000905,main-experiment,main-experiment-package-1.2.0,main,P000746,S000004,T001044,datapipe-sequential-package,package,25,57,package,low,TRY?,didnt_manage,manage,negative,True,True,9896,2586,34479,P?|TRY?|NAT,0,0.0,0,0.0,12,0.12,18380,32,man,some-college,english-only,united-states,,include,,include,main-exp-1.0.0
record_000489.json,U000583,main-experiment,main-experiment-package-1.2.0,main,P001284,S000004,T000050,datapipe-sequential-package,package,3,35,package,high,P?,didnt_fail,fail,negative,True,True,3990,3396,112696,TRY?|P?|NAT,100,1.0,100,1.0,0,0.0,54131,25,man,bachelor,english-only,united-kingdom,,include,,include,main-exp-1.0.0
record_000491.json,U000334,main-experiment,main-experiment-package-1.2.0,main,P000310,S000004,T001087,datapipe-sequential-package,package,13,45,package,high,TRY?,didnt,simple,negative,False,True,18072,6309,58181,P?|TRY?|NAT,15,0.15,0,0.0,21,0.21,23449,38,woman,bachelor,english-only,australia,,include,,include,main-exp-1.0.0
record_000492.json,U000961,main-experiment,main-experiment-package-1.2.0,main,P000578,S000004,T000719,datapipe-sequential-package,package,11,43,package,high,TRY?,didnt_fail,fail,negative,True,True,2830,10545,63030,P?|TRY?|NAT,91,0.91,91,0.91,13,0.13,41733,36,woman,bachelor,english-and-other,united-states,,include,,include,main-exp-1.0.0
record_000493.json,U000930,main-experiment,main-experiment-package-1.2.0,main,P001164,S000004,T001229,datapipe-sequential-package,package,11,43,package,high,TRY?,didnt_fail,fail,negative,True,True,1808,2686,35899,P?|TRY?|NAT,100,1.0,100,1.0,12,0.12,11314,22,woman,bachelor,english-only,united-states,,include,,include,main-exp-1.0.0
record_000496.json,U000347,main-experiment,main-experiment-package-1.2.0,main,P000916,S000004,T001135,datapipe-sequential-package,package,4,36,package,high,P?,did,simple,positive,False,True,29956,5577,55735,TRY?|P?|NAT,100,1.0,93,0.93,100,1.0,27333,54,woman,bachelor,english-only,united-states,,include,,include,main-exp-1.0.0
record_000498.json,U000861,main-experiment,main-experiment-package-1.2.0,main,P001066,S000004,T000744,datapipe-sequential-package,package,7,39,package,high,P?,didnt_try,try,negative,False,True,47567,1722,50503,TRY?|P?|NAT,32,0.32,31,0.31,95,0.95,30851,60,man,associate,english-only,united-states,,include,,include,main-exp-1.0.0
record_000499.json,U000326,main-experiment,main-experiment-package-1.2.0,main,P001213,S000004,T000107,datapipe-sequential-package,package,31,63,package,low,TRY?,didnt_try,try,negative,False,True,13095,6740,56455,P?|TRY?|NAT,2,0.02,5,0.05,24,0.24,28609,64,woman,bachelor,english-only,united-kingdom,,include,,include,main-exp-1.0.0
record_000505.json,U000917,main-experiment,main-experiment-package-1.2.0,main,P000518,S000004,T000889,datapipe-sequential-package,package,22,54,package,low,P?,tried,try,positive,False,True,3007,2848,46369,TRY?|P?|NAT,89,0.89,90,0.9,4,0.04,44608,35,man,bachelor,english-only,united-states,,include,,include,main-exp-1.0.0
record_000512.json,U001169,main-experiment,main-experiment-package-1.2.0,main,P000195,S000004,T000498,datapipe-sequential-package,package,15,47,package,high,TRY?,didnt_try,try,negative,False,True,58920,6907,64017,P?|TRY?|NAT,100,1.0,65,0.65,0,0.0,22916,26,woman,bachelor,english-only,canada,,include,,include,main-exp-1.0.0
record_000515.json,U000826,main-experiment,main-experiment-package-1.2.0,main,P000106,S000004,T000825,datapipe-sequential-package,package,24,56,package,low,TRY?,managed,manage,positive,True,True,157320,9702,31488,P?|TRY?|NAT,80,0.8,100,1.0,100,1.0,27002,39,man,some-college,english-only,united-kingdom,,include,,include,main-exp-1.0.0
record_000516.json,U001154,main-experiment,main-experiment-package-1.2.0,main,P001218,S000004,T000898,datapipe-sequential-package,package,14,46,package,high,TRY?,tried,try,positive,False,True,8263,8650,122398,TRY?|P?|NAT,100,1.0,0,0.0,100,1.0,34672,76,man,associate,english-only,united-states,,include,,include,main-exp-1.0.0
record_000518.json,U000371,main-experiment,main-experiment-package-1.2.0,main,P001215,S000004,T000282,datapipe-sequential-package,package,6,38,package,high,P?,tried,try,positive,False,True,6703,5667,41129,TRY?|P?|NAT,9,0.09,81,0.81,73,0.73,30255,49,man,some-college,english-only,united-states,,include,,include,main-exp-1.0.0
record_000521.json,U000087,main-experiment,main-experiment-package-1.2.0,main,P000042,S000004,T000501,datapipe-sequential-package,package,0,32,package,high,P?,managed,manage,positive,True,True,8770,11621,34281,P?|TRY?|NAT,100,1.0,100,1.0,75,0.75,17469,35,woman,master,english-only,united-states,,include,,include,main-exp-1.0.0
record_000527.json,U000361,main-experiment,main-experiment-package-1.2.0,main,P001008,S000004,T000566,datapipe-sequential-package,package,18,50,package,low,P?,failed,fail,positive,True,True,4274,2027,39251,P?|TRY?|NAT,28,0.28,19,0.19,32,0.32,14549,23,man,bachelor,english-only,united-states,,include,,include,main-exp-1.0.0
record_000531.json,U000337,main-experiment,main-experiment-package-1.2.0,main,P000615,S000004,T000866,datapipe-sequential-package,package,5,37,package,high,P?,didnt,simple,negative,False,True,2750,4360,48426,P?|TRY?|NAT,60,0.6,0,0.0,68,0.68,16640,40,man,bachelor,english-only,united-states,,include,,include,main-exp-1.0.0
record_000534.json,U000335,main-experiment,main-experiment-package-1.2.0,main,P000282,S000004,T000319,datapipe-sequential-package,package,19,51,package,low,P?,didnt_fail,fail,negative,True,True,5668,3876,51315,TRY?|P?|NAT,69,0.69,100,1.0,0,0.0,77717,38,woman,master,english-only,united-states,,include,,include,main-exp-1.0.0
record_000535.json,U000481,main-experiment,main-experiment-package-1.2.0,main,P000244,S000004,T000798,datapipe-sequential-package,package,28,60,package,low,TRY?,did,simple,positive,False,True,15600,5465,47083,P?|TRY?|NAT,0,0.0,0,0.0,33,0.33,15315,38,man,bachelor,english-and-other,canada,,include,,include,main-exp-1.0.0
record_000536.json,U000194,main-experiment,main-experiment-package-1.2.0,main,P001145,S000004,T000586,datapipe-sequential-package,package,5,37,package,high,P?,didnt,simple,negative,False,True,3592,2495,33082,P?|TRY?|NAT,71,0.71,65,0.65,30,0.3,16079,33,woman,master,english-only,united-states,,include,,include,main-exp-1.0.0
record_000538.json,U001177,main-experiment,main-experiment-package-1.2.0,main,P000455,S000004,T000477,datapipe-sequential-package,package,18,50,package,low,P?,failed,fail,positive,True,True,1999,2638,37372,TRY?|P?|NAT,0,0.0,0,0.0,0,0.0,65271,23,woman,high-school,english-only,united-states,,include,,include,main-exp-1.0.0
record_000540.json,U000686,main-experiment,main-experiment-package-1.2.0,main,P000473,S000004,T000434,datapipe-sequential-package,package,26,58,package,low,TRY?,failed,fail,positive,True,True,12587,2481,40045,P?|TRY?|NAT,7,0.07,98,0.98,1,0.01,21877,37,woman,bachelor,english-only,united-states,,include,,include,main-exp-1.0.0
record_000541.json,U000041,main-experiment,main-experiment-package-1.2.0,main,P000673,S000004,T000677,datapipe-sequential-package,package,19,51,package,low,P?,didnt_fail,fail,negative,True,True,49493,1332,59736,P?|TRY?|NAT,99,0.99,88,0.88,21,0.21,12098,28,man,bachelor,english-only,australia,,include,,include,main-exp-1.0.0
record_000542.json,U000034,main-experiment,main-experiment-package-1.2.0,main,P000696,S000004,T000199,datapipe-sequential-package,package,24,56,package,low,TRY?,managed,manage,positive,True,True,5102,6297,16227,P?|TRY?|NAT,55,0.55,65,0.65,63,0.63,22275,39,man,bachelor,english-only,united-states,,include,,include,main-exp-1.0.0
record_000550.json,U000529,main-experiment,main-experiment-package-1.2.0,main,P001074,S000004,T000526,datapipe-sequential-package,package,16,48,package,low,P?,managed,manage,positive,True,True,3305,4756,58557,P?|TRY?|NAT,92,0.92,82,0.82,64,0.64,16000,37,man,bachelor,english-only,united-states,,include,,include,main-exp-1.0.0
record_000555.json,U001128,main-experiment,main-experiment-package-1.2.0,main,P000803,S000004,T000363,datapipe-sequential-package,package,29,61,package,low,TRY?,didnt,simple,negative,False,True,8555,7113,36526,TRY?|P?|NAT,1,0.01,1,0.01,76,0.76,13720,27,woman,high-school,english-only,united-states,,include,,include,main-exp-1.0.0
record_000558.json,U000290,main-experiment,main-experiment-package-1.2.0,main,P001112,S000004,T000895,datapipe-sequential-package,package,8,40,package,high,TRY?,managed,manage,positive,True,True,3363,3398,71821,TRY?|P?|NAT,100,1.0,0,0.0,0,0.0,18142,54,man,some-college,english-only,united-kingdom,,include,,include,main-exp-1.0.0
record_000564.json,U000247,main-experiment,main-experiment-package-1.2.0,main,P000315,S000004,T000349,datapipe-sequential-package,package,20,52,package,low,P?,did,simple,positive,False,True,2302,39276,38831,TRY?|P?|NAT,80,0.8,81,0.81,70,0.7,12216,26,woman,bachelor,english-and-other,united-states,,include,,include,main-exp-1.0.0
record_000565.json,U000507,main-experiment,main-experiment-package-1.2.0,main,P000953,S000004,T000435,datapipe-sequential-package,package,8,40,package,high,TRY?,managed,manage,positive,True,True,4808,2273,20458,P?|TRY?|NAT,96,0.96,100,1.0,33,0.33,27426,39,man,master,english-only,united-states,,include,,include,main-exp-1.0.0
record_000568.json,U000919,main-experiment,main-experiment-package-1.2.0,main,P000729,S000004,T000235,datapipe-sequential-package,package,10,42,package,high,TRY?,failed,fail,positive,True,True,21997,7075,65967,P?|TRY?|NAT,50,0.5,2,0.02,30,0.3,13734,43,man,bachelor,english-only,australia,,include,,include,main-exp-1.0.0
record_000569.json,U000159,main-experiment,main-experiment-package-1.2.0,main,P001126,S000004,T001003,datapipe-sequential-package,package,30,62,package,low,TRY?,tried,try,positive,False,True,3528,2749,52235,P?|TRY?|NAT,6,0.06,6,0.06,2,0.02,15510,48,man,some-college,english-only,united-states,,include,,include,main-exp-1.0.0
record_000573.json,U001232,main-experiment,main-experiment-package-1.2.0,main,P000708,S000004,T000524,datapipe-sequential-package,package,6,38,package,high,P?,tried,try,positive,False,True,16133,19676,73227,TRY?|P?|NAT,97,0.97,72,0.72,57,0.57,15669,24,woman,bachelor,english-only,united-states,,include,,include,main-exp-1.0.0
record_000578.json,U000429,main-experiment,main-experiment-package-1.2.0,main,P000983,S000004,T001125,datapipe-sequential-package,package,18,50,package,low,P?,failed,fail,positive,True,True,2747,3239,37414,TRY?|P?|NAT,4,0.04,2,0.02,21,0.21,16311,43,man,bachelor,english-only,united-kingdom,,include,,include,main-exp-1.0.0
record_000579.json,U001113,main-experiment,main-experiment-package-1.2.0,main,P001191,S000004,T001199,datapipe-sequential-package,package,4,36,package,high,P?,did,simple,positive,False,True,7180,6361,34578,TRY?|P?|NAT,100,1.0,100,1.0,100,1.0,23214,38,woman,some-college,english-only,united-states,,include,,include,main-exp-1.0.0
record_000581.json,U000343,main-experiment,main-experiment-package-1.2.0,main,P001071,S000004,T001194,datapipe-sequential-package,package,25,57,package,low,TRY?,didnt_manage,manage,negative,True,True,5314,1237,78770,P?|TRY?|NAT,0,0.0,0,0.0,0,0.0,14085,29,woman,master,english-only,united-states,,include,,include,main-exp-1.0.0
record_000585.json,U000295,main-experiment,main-experiment-package-1.2.0,main,P000712,S000004,T001282,datapipe-sequential-package,package,22,54,package,low,P?,tried,try,positive,False,True,3529,3649,37849,TRY?|P?|NAT,24,0.24,24,0.24,6,0.06,15012,25,man,bachelor,english-and-other,canada,,include,,include,main-exp-1.0.0
record_000586.json,U000833,main-experiment,main-experiment-package-1.2.0,main,P000898,S000004,T000068,datapipe-sequential-package,package,7,39,package,high,P?,didnt_try,try,negative,False,True,116560,2708,67475,TRY?|P?|NAT,78,0.78,20,0.2,10,0.1,20710,48,woman,some-college,english-only,united-states,,include,,include,main-exp-1.0.0
record_000598.json,U000677,main-experiment,main-experiment-package-1.2.0,main,P000873,S000004,T001127,datapipe-sequential-package,package,18,50,package,low,P?,failed,fail,positive,True,True,4428,1269,64367,P?|TRY?|NAT,10,0.1,14,0.14,66,0.66,15771,35,man,doctoral-professional,english-only,united-states,,include,,include,main-exp-1.0.0
record_000600.json,U001105,main-experiment,main-experiment-package-1.2.0,main,P000593,S000004,T000741,datapipe-sequential-package,package,14,46,package,high,TRY?,tried,try,positive,False,True,7623,8836,45301,P?|TRY?|NAT,86,0.86,86,0.86,100,1.0,54128,56,woman,bachelor,english-and-other,australia,,include,,include,main-exp-1.0.0
record_000603.json,U000221,main-experiment,main-experiment-package-1.2.0,main,P000380,S000004,T000437,datapipe-sequential-package,package,11,43,package,high,TRY?,didnt_fail,fail,negative,True,True,4269,6277,31207,P?|TRY?|NAT,100,1.0,100,1.0,0,0.0,24667,41,woman,associate,english-only,united-states,,include,,include,main-exp-1.0.0
record_000604.json,U000133,main-experiment,main-experiment-package-1.2.0,main,P000889,S000004,T001116,datapipe-sequential-package,package,0,32,package,high,P?,managed,manage,positive,True,True,10824,4537,153047,TRY?|P?|NAT,100,1.0,100,1.0,100,1.0,64320,35,man,bachelor,english-only,united-kingdom,,include,,include,main-exp-1.0.0
record_000605.json,U000999,main-experiment,main-experiment-package-1.2.0,main,P000978,S000004,T000183,datapipe-sequential-package,package,15,47,package,high,TRY?,didnt_try,try,negative,False,True,1513,1114,51362,TRY?|P?|NAT,23,0.23,18,0.18,36,0.36,12141,37,woman,bachelor,english-only,united-states,,include,,include,main-exp-1.0.0
record_000606.json,U000374,main-experiment,main-experiment-package-1.2.0,main,P000549,S000004,T001016,datapipe-sequential-package,package,21,53,package,low,P?,didnt,simple,negative,False,True,5981,6987,67036,P?|TRY?|NAT,0,0.0,0,0.0,100,1.0,20674,37,man,high-school,english-only,united-states,,include,,include,main-exp-1.0.0
record_000608.json,U000112,main-experiment,main-experiment-package-1.2.0,main,P000919,S000004,T000853,datapipe-sequential-package,package,4,36,package,high,P?,did,simple,positive,False,True,11729,6831,63140,P?|TRY?|NAT,99,0.99,100,1.0,100,1.0,19242,42,man,doctoral-professional,english-only,united-kingdom,,include,,include,main-exp-1.0.0
record_000610.json,U000177,main-experiment,main-experiment-package-1.2.0,main,P000001,S000004,T000968,datapipe-sequential-package,package,10,42,package,high,TRY?,failed,fail,positive,True,True,3741,10387,91204,P?|TRY?|NAT,74,0.74,28,0.28,84,0.84,32675,57,man,bachelor,english-and-other,united-states,,include,,include,main-exp-1.0.0
record_000611.json,U000099,main-experiment,main-experiment-package-1.2.0,main,P000931,S000004,T000885,datapipe-sequential-package,package,17,49,package,low,P?,didnt_manage,manage,negative,True,True,3223,1660,47458,TRY?|P?|NAT,12,0.12,14,0.14,87,0.87,19464,47,woman,bachelor,english-only,united-states,,include,,include,main-exp-1.0.0
record_000613.json,U000584,main-experiment,main-experiment-package-1.2.0,main,P000150,S000004,T000909,datapipe-sequential-package,package,25,57,package,low,TRY?,didnt_manage,manage,negative,True,True,2729,2388,54236,P?|TRY?|NAT,3,0.03,2,0.02,35,0.35,18660,42,man,some-college,english-only,new-zealand,,include,,include,main-exp-1.0.0
record_000615.json,U000976,main-experiment,main-experiment-package-1.2.0,main,P000435,S000004,T000529,datapipe-sequential-package,package,25,57,package,low,TRY?,didnt_manage,manage,negative,True,True,2017,11120,29586,P?|TRY?|NAT,7,0.07,0,0.0,3,0.03,11988,44,woman,associate,english-only,united-states,,include,,include,main-exp-1.0.0
record_000619.json,U000982,main-experiment,main-experiment-package-1.2.0,main,P001140,S000004,T000916,datapipe-sequential-package,package,10,42,package,high,TRY?,failed,fail,positive,True,True,4741,1244,37683,TRY?|P?|NAT,6,0.06,95,0.95,15,0.15,26951,55,woman,some-college,english-only,australia,,include,,include,main-exp-1.0.0
record_000623.json,U000852,main-experiment,main-experiment-package-1.2.0,main,P000707,S000004,T001155,datapipe-sequential-package,package,6,38,package,high,P?,tried,try,positive,False,True,1422,1761,34414,TRY?|P?|NAT,100,1.0,9,0.09,33,0.33,13360,48,man,bachelor,english-only,united-states,,include,,include,main-exp-1.0.0
record_000624.json,U000176,main-experiment,main-experiment-package-1.2.0,main,P000225,S000004,T000990,datapipe-sequential-package,package,2,34,package,high,P?,failed,fail,positive,True,True,14555,1302,68114,P?|TRY?|NAT,69,0.69,9,0.09,26,0.26,17815,28,man,bachelor,english-and-other,canada,,include,,include,main-exp-1.0.0
record_000626.json,U000523,main-experiment,main-experiment-package-1.2.0,main,P001196,S000004,T000506,datapipe-sequential-package,package,17,49,package,low,P?,didnt_manage,manage,negative,True,True,8945,3741,91523,TRY?|P?|NAT,0,0.0,0,0.0,100,1.0,16481,31,woman,high-school,english-only,united-states,,include,,include,main-exp-1.0.0
record_000628.json,U000652,main-experiment,main-experiment-package-1.2.0,main,P000434,S000004,T001214,datapipe-sequential-package,package,24,56,package,low,TRY?,managed,manage,positive,True,True,5336,11153,22931,TRY?|P?|NAT,6,0.06,0,0.0,15,0.15,14056,39,woman,master,english-only,united-kingdom,,include,,include,main-exp-1.0.0
record_000629.json,U001013,main-experiment,main-experiment-package-1.2.0,main,P000936,S000004,T000445,datapipe-sequential-package,package,11,43,package,high,TRY?,didnt_fail,fail,negative,True,True,12052,7979,54744,P?|TRY?|NAT,15,0.15,100,1.0,14,0.14,15068,47,woman,high-school,english-only,new-zealand,,include,,include,main-exp-1.0.0
record_000630.json,U000476,main-experiment,main-experiment-package-1.2.0,main,P000745,S000004,T000927,datapipe-sequential-package,package,29,61,package,low,TRY?,didnt,simple,negative,False,True,4437,11836,73846,TRY?|P?|NAT,0,0.0,0,0.0,75,0.75,14780,21,man,high-school,english-only,canada,,include,,include,main-exp-1.0.0
record_000632.json,U000793,main-experiment,main-experiment-package-1.2.0,main,P000652,S000004,T001204,datapipe-sequential-package,package,1,33,package,high,P?,didnt_manage,manage,negative,True,True,8976,8633,72831,P?|TRY?|NAT,100,1.0,100,1.0,100,1.0,38918,42,woman,some-college,english-only,united-states,,include,,include,main-exp-1.0.0
record_000633.json,U000781,main-experiment,main-experiment-package-1.2.0,main,P000705,S000004,T000446,datapipe-sequential-package,package,18,50,package,low,P?,failed,fail,positive,True,True,3067,2438,22672,P?|TRY?|NAT,0,0.0,0,0.0,100,1.0,13714,25,man,bachelor,english-only,united-states,,include,,include,main-exp-1.0.0
record_000634.json,U000405,main-experiment,main-experiment-package-1.2.0,main,P000742,S000004,T000462,datapipe-sequential-package,package,25,57,package,low,TRY?,didnt_manage,manage,negative,True,True,35113,5075,82046,TRY?|P?|NAT,19,0.19,0,0.0,34,0.34,25946,49,woman,some-college,english-only,united-states,,include,,include,main-exp-1.0.0
record_000636.json,U000346,main-experiment,main-experiment-package-1.2.0,main,P000583,S000004,T001052,datapipe-sequential-package,package,10,42,package,high,TRY?,failed,fail,positive,True,True,4223,4324,31161,P?|TRY?|NAT,78,0.78,0,0.0,0,0.0,15505,27,man,high-school,english-only,canada,,include,,include,main-exp-1.0.0
record_000640.json,U000409,main-experiment,main-experiment-package-1.2.0,main,P000367,S000004,T000988,datapipe-sequential-package,package,3,35,package,high,P?,didnt_fail,fail,negative,True,True,5373,1560,48902,TRY?|P?|NAT,86,0.86,93,0.93,2,0.02,16459,55,woman,some-college,english-only,united-states,,include,,include,main-exp-1.0.0
record_000641.json,U000728,main-experiment,main-experiment-package-1.2.0,main,P000629,S000004,T000181,datapipe-sequential-package,package,20,52,package,low,P?,did,simple,positive,False,True,4919,414509,310205,P?|TRY?|NAT,0,0.0,0,0.0,0,0.0,20224,32,woman,some-college,english-only,united-states,,include,,include,main-exp-1.0.0
record_000642.json,U000141,main-experiment,main-experiment-package-1.2.0,main,P001007,S000004,T000946,datapipe-sequential-package,package,22,54,package,low,P?,tried,try,positive,False,True,35469,19294,80288,TRY?|P?|NAT,17,0.17,19,0.19,44,0.44,27617,34,prefer-not-to-say,prefer-not-to-say,english-only,united-states,,include,,include,main-exp-1.0.0
record_000643.json,U000553,main-experiment,main-experiment-package-1.2.0,main,P000134,S000004,T000842,datapipe-sequential-package,package,29,61,package,low,TRY?,didnt,simple,negative,False,True,7973,3164,35162,P?|TRY?|NAT,33,0.33,33,0.33,47,0.47,18631,62,man,bachelor,english-only,united-kingdom,,include,,include,main-exp-1.0.0
record_000647.json,U000282,main-experiment,main-experiment-package-1.2.0,main,P001090,S000004,T000069,datapipe-sequential-package,package,15,47,package,high,TRY?,didnt_try,try,negative,False,True,10852,72539,45286,P?|TRY?|NAT,16,0.16,15,0.15,59,0.59,11862,42,woman,associate,english-only,united-states,,include,,include,main-exp-1.0.0
record_000648.json,U000853,main-experiment,main-experiment-package-1.2.0,main,P000068,S000004,T000255,datapipe-sequential-package,package,29,61,package,low,TRY?,didnt,simple,negative,False,True,91694,2622,42322,TRY?|P?|NAT,4,0.04,4,0.04,95,0.95,13104,45,woman,bachelor,english-only,united-states,,include,,include,main-exp-1.0.0
record_000649.json,U000644,main-experiment,main-experiment-package-1.2.0,main,P000940,S000004,T000804,datapipe-sequential-package,package,30,62,package,low,TRY?,tried,try,positive,False,True,10616,337341,47990,TRY?|P?|NAT,11,0.11,9,0.09,26,0.26,10376,39,man,some-college,english-only,united-states,,include,,include,main-exp-1.0.0
record_000651.json,U001202,main-experiment,main-experiment-package-1.2.0,main,P000935,S000004,T000047,datapipe-sequential-package,package,22,54,package,low,P?,tried,try,positive,False,True,3128,3840,45943,P?|TRY?|NAT,85,0.85,37,0.37,86,0.86,20695,56,man,some-college,english-only,united-kingdom,,include,,include,main-exp-1.0.0
record_000653.json,U000192,main-experiment,main-experiment-package-1.2.0,main,P001201,S000004,T000629,datapipe-sequential-package,package,14,46,package,high,TRY?,tried,try,positive,False,True,2591,1685,53651,TRY?|P?|NAT,11,0.11,10,0.1,89,0.89,14259,36,woman,associate,english-only,united-states,,include,,include,main-exp-1.0.0
record_000654.json,U001168,main-experiment,main-experiment-package-1.2.0,main,P001133,S000004,T000122,datapipe-sequential-package,package,21,53,package,low,P?,didnt,simple,negative,False,True,3098,3083,33962,P?|TRY?|NAT,9,0.09,14,0.14,88,0.88,13822,30,man,associate,english-only,united-states,,include,,include,main-exp-1.0.0
record_000655.json,U000666,main-experiment,main-experiment-package-1.2.0,main,P000876,S000004,T000335,datapipe-sequential-package,package,3,35,package,high,P?,didnt_fail,fail,negative,True,True,3142,3391,31262,TRY?|P?|NAT,100,1.0,100,1.0,36,0.36,10656,19,woman,some-college,english-and-other,united-states,,include,,include,main-exp-1.0.0
record_000656.json,U000661,main-experiment,main-experiment-package-1.2.0,main,P001084,S000004,T001180,datapipe-sequential-package,package,13,45,package,high,TRY?,didnt,simple,negative,False,True,30371,47897,283893,P?|TRY?|NAT,100,1.0,74,0.74,93,0.93,59797,36,man,bachelor,english-only,canada,,include,,include,main-exp-1.0.0
record_000658.json,U000254,main-experiment,main-experiment-package-1.2.0,main,P000385,S000004,T000960,datapipe-sequential-package,package,1,33,package,high,P?,didnt_manage,manage,negative,True,True,5137,4825,38607,TRY?|P?|NAT,0,0.0,0,0.0,74,0.74,21856,58,man,some-college,english-only,united-kingdom,,include,,include,main-exp-1.0.0
record_000659.json,U000356,main-experiment,main-experiment-package-1.2.0,main,P001027,S000004,T001143,datapipe-sequential-package,package,20,52,package,low,P?,did,simple,positive,False,True,2613,3446,24404,P?|TRY?|NAT,18,0.18,14,0.14,54,0.54,12442,41,man,bachelor,english-only,united-states,,include,,include,main-exp-1.0.0
record_000660.json,U000564,main-experiment,main-experiment-package-1.2.0,main,P000897,S000004,T000777,datapipe-sequential-package,package,17,49,package,low,P?,didnt_manage,manage,negative,True,True,5640,5289,32668,P?|TRY?|NAT,0,0.0,0,0.0,18,0.18,15880,31,man,bachelor,english-only,canada,,include,,include,main-exp-1.0.0
record_000662.json,U000263,main-experiment,main-experiment-package-1.2.0,main,P000710,S000004,T000145,datapipe-sequential-package,package,10,42,package,high,TRY?,failed,fail,positive,True,True,2464,3038,54077,TRY?|P?|NAT,74,0.74,5,0.05,10,0.1,13410,27,man,master,english-only,united-states,,include,,include,main-exp-1.0.0
record_000666.json,U000304,main-experiment,main-experiment-package-1.2.0,main,P000223,S000004,T000318,datapipe-sequential-package,package,7,39,package,high,P?,didnt_try,try,negative,False,True,5001,2531,29469,P?|TRY?|NAT,4,0.04,18,0.18,66,0.66,12644,24,man,bachelor,english-only,united-states,,include,,include,main-exp-1.0.0
record_000668.json,U000211,main-experiment,main-experiment-package-1.2.0,main,P001058,S000004,T000514,datapipe-sequential-package,package,9,41,package,high,TRY?,didnt_manage,manage,negative,True,True,50765,7020,138861,TRY?|P?|NAT,74,0.74,3,0.03,73,0.73,38375,35,woman,bachelor,english-and-other,canada,,include,,include,main-exp-1.0.0
record_000674.json,U000537,main-experiment,main-experiment-package-1.2.0,main,P000281,S000004,T000584,datapipe-sequential-package,package,15,47,package,high,TRY?,didnt_try,try,negative,False,True,3317,5074,33159,TRY?|P?|NAT,27,0.27,17,0.17,65,0.65,12135,26,man,master,english-and-other,united-kingdom,,include,,include,main-exp-1.0.0
record_000678.json,U000748,main-experiment,main-experiment-package-1.2.0,main,P000842,S000004,T001057,datapipe-sequential-package,package,6,38,package,high,P?,tried,try,positive,False,True,10423,3890,37023,P?|TRY?|NAT,90,0.9,13,0.13,75,0.75,18146,36,woman,master,english-only,united-states,,include,,include,main-exp-1.0.0
record_000679.json,U001122,main-experiment,main-experiment-package-1.2.0,main,P000956,S000004,T001168,datapipe-sequential-package,package,15,47,package,high,TRY?,didnt_try,try,negative,False,True,2702,6846,64382,P?|TRY?|NAT,70,0.7,49,0.49,13,0.13,14623,45,man,master,english-only,united-states,,include,,include,main-exp-1.0.0
record_000683.json,U001304,main-experiment,main-experiment-package-1.2.0,main,P000949,S000004,T001024,datapipe-sequential-package,package,17,49,package,low,P?,didnt_manage,manage,negative,True,True,9614,11236,37670,TRY?|P?|NAT,9,0.09,0,0.0,29,0.29,13963,31,man,bachelor,english-only,united-states,,include,,include,main-exp-1.0.0
record_000685.json,U000348,main-experiment,main-experiment-package-1.2.0,main,P000025,S000004,T000030,datapipe-sequential-package,package,16,48,package,low,P?,managed,manage,positive,True,True,22519,6956,69793,TRY?|P?|NAT,32,0.32,31,0.31,5,0.05,25361,25,woman,high-school,english-only,united-states,,include,,include,main-exp-1.0.0
record_000688.json,U000458,main-experiment,main-experiment-package-1.2.0,main,P001252,S000004,T000998,datapipe-sequential-package,package,22,54,package,low,P?,tried,try,positive,False,True,12212,8038,42954,TRY?|P?|NAT,85,0.85,67,0.67,45,0.45,15140,59,woman,bachelor,english-only,united-states,,include,,include,main-exp-1.0.0
record_000699.json,U000132,main-experiment,main-experiment-package-1.2.0,main,P000850,S000004,T000476,datapipe-sequential-package,package,9,41,package,high,TRY?,didnt_manage,manage,negative,True,True,4038,12415,40992,P?|TRY?|NAT,82,0.82,0,0.0,33,0.33,15475,36,non-binary,bachelor,english-only,united-states,,include,,include,main-exp-1.0.0
record_000703.json,U001010,main-experiment,main-experiment-package-1.2.0,main,P000108,S000004,T001106,datapipe-sequential-package,package,28,60,package,low,TRY?,did,simple,positive,False,True,4079,664,150744,TRY?|P?|NAT,78,0.78,76,0.76,73,0.73,7572,36,man,bachelor,english-only,united-states,,include,,include,main-exp-1.0.0
record_000704.json,U001214,main-experiment,main-experiment-package-1.2.0,main,P000413,S000004,T001300,datapipe-sequential-package,package,19,51,package,low,P?,didnt_fail,fail,negative,True,True,2254,5491,39501,TRY?|P?|NAT,80,0.8,79,0.79,0,0.0,15810,38,man,master,english-only,united-states,,include,,include,main-exp-1.0.0
record_000711.json,U000477,main-experiment,main-experiment-package-1.2.0,main,P000102,S000004,T001048,datapipe-sequential-package,package,27,59,package,low,TRY?,didnt_fail,fail,negative,True,True,10479,10319,68772,TRY?|P?|NAT,100,1.0,100,1.0,0,0.0,26732,51,woman,some-college,english-only,united-states,,include,,include,main-exp-1.0.0
record_000713.json,U001306,main-experiment,main-experiment-package-1.2.0,main,P000056,S000004,T001045,datapipe-sequential-package,package,30,62,package,low,TRY?,tried,try,positive,False,True,23866,29965,113798,TRY?|P?|NAT,92,0.92,77,0.77,46,0.46,38603,49,man,some-college,english-only,united-kingdom,,include,,include,main-exp-1.0.0
record_000715.json,U000071,main-experiment,main-experiment-package-1.2.0,main,P001103,S000004,T000980,datapipe-sequential-package,package,20,52,package,low,P?,did,simple,positive,False,True,6705,10976,38317,TRY?|P?|NAT,86,0.86,100,1.0,100,1.0,17761,63,man,high-school,english-only,canada,,include,,include,main-exp-1.0.0
record_000718.json,U000233,main-experiment,main-experiment-package-1.2.0,main,P000943,S000004,T000978,datapipe-sequential-package,package,20,52,package,low,P?,did,simple,positive,False,True,3066,3392,48454,P?|TRY?|NAT,73,0.73,70,0.7,77,0.77,21231,29,man,bachelor,english-and-other,united-states,,include,,include,main-exp-1.0.0
record_000719.json,U000696,main-experiment,main-experiment-package-1.2.0,main,P000921,S000004,T000605,datapipe-sequential-package,package,20,52,package,low,P?,did,simple,positive,False,True,37631,14875,47038,TRY?|P?|NAT,0,0.0,0,0.0,0,0.0,32479,58,man,master,english-only,united-states,,include,,include,main-exp-1.0.0
record_000722.json,U000284,main-experiment,main-experiment-package-1.2.0,main,P001124,S000004,T000945,datapipe-sequential-package,package,26,58,package,low,TRY?,failed,fail,positive,True,True,3805,2007,66974,TRY?|P?|NAT,3,0.03,1,0.01,26,0.26,15109,48,man,bachelor,english-only,united-states,,include,,include,main-exp-1.0.0
record_000724.json,U000889,main-experiment,main-experiment-package-1.2.0,main,P000428,S000004,T000045,datapipe-sequential-package,package,8,40,package,high,TRY?,managed,manage,positive,True,True,27486,177795,464986,P?|TRY?|NAT,87,0.87,85,0.85,51,0.51,32403,28,man,master,english-and-other,new-zealand,,include,,include,main-exp-1.0.0
record_000727.json,U000672,main-experiment,main-experiment-package-1.2.0,main,P000420,S000004,T000855,datapipe-sequential-package,package,26,58,package,low,TRY?,failed,fail,positive,True,True,6784,2485,24564,P?|TRY?|NAT,11,0.11,13,0.13,12,0.12,16851,22,woman,bachelor,english-only,united-states,,include,,include,main-exp-1.0.0
record_000737.json,U000037,main-experiment,main-experiment-package-1.2.0,main,P000830,S000004,T000958,datapipe-sequential-package,package,2,34,package,high,P?,failed,fail,positive,True,True,11195,2737,73764,P?|TRY?|NAT,62,0.62,0,0.0,27,0.27,15367,30,man,high-school,english-only,canada,,include,,include,main-exp-1.0.0
record_000739.json,U000900,main-experiment,main-experiment-package-1.2.0,main,P000472,S000004,T000888,datapipe-sequential-package,package,9,41,package,high,TRY?,didnt_manage,manage,negative,True,True,7723,13682,50257,TRY?|P?|NAT,1,0.01,1,0.01,89,0.89,45411,40,man,master,english-only,united-states,,include,,include,main-exp-1.0.0
record_000742.json,U000520,main-experiment,main-experiment-package-1.2.0,main,P001268,S000004,T000791,datapipe-sequential-package,package,2,34,package,high,P?,failed,fail,positive,True,True,2764,2823,54452,P?|TRY?|NAT,48,0.48,5,0.05,1,0.01,13746,31,man,doctoral-professional,english-only,canada,,include,,include,main-exp-1.0.0
record_000744.json,U000682,main-experiment,main-experiment-package-1.2.0,main,P000866,S000004,T000472,datapipe-sequential-package,package,24,56,package,low,TRY?,managed,manage,positive,True,True,1658,1528,48059,P?|TRY?|NAT,82,0.82,80,0.8,86,0.86,12493,30,man,bachelor,english-and-other,united-states,,include,,include,main-exp-1.0.0
record_000745.json,U000062,main-experiment,main-experiment-package-1.2.0,main,P000105,S000004,T001272,datapipe-sequential-package,package,3,35,package,high,P?,didnt_fail,fail,negative,True,True,5267,3435,58702,P?|TRY?|NAT,100,1.0,100,1.0,38,0.38,18047,25,man,associate,english-only,united-states,,include,,include,main-exp-1.0.0
record_000748.json,U001215,main-experiment,main-experiment-package-1.2.0,main,P000887,S000004,T000991,datapipe-sequential-package,package,3,35,package,high,P?,didnt_fail,fail,negative,True,True,3350,2116,30699,P?|TRY?|NAT,95,0.95,100,1.0,24,0.24,22144,46,man,bachelor,english-only,canada,,include,,include,main-exp-1.0.0
record_000753.json,U000935,main-experiment,main-experiment-package-1.2.0,main,P000274,S000004,T000266,datapipe-sequential-package,package,4,36,package,high,P?,did,simple,positive,False,True,7052,4131,50460,TRY?|P?|NAT,100,1.0,100,1.0,73,0.73,11780,24,woman,bachelor,english-only,united-states,,include,,include,main-exp-1.0.0
record_000755.json,U001247,main-experiment,main-experiment-package-1.2.0,main,P000362,S000004,T001223,datapipe-sequential-package,package,25,57,package,low,TRY?,didnt_manage,manage,negative,True,True,43621,7289,50156,TRY?|P?|NAT,0,0.0,0,0.0,0,0.0,32563,55,woman,some-college,english-only,united-states,,include,,include,main-exp-1.0.0
record_000762.json,U001204,main-experiment,main-experiment-package-1.2.0,main,P001043,S000004,T000427,datapipe-sequential-package,package,15,47,package,high,TRY?,didnt_try,try,negative,False,True,5651,4729,59042,P?|TRY?|NAT,25,0.25,23,0.23,4,0.04,21805,31,woman,associate,english-and-other,united-states,,include,,include,main-exp-1.0.0
record_000763.json,U001053,main-experiment,main-experiment-package-1.2.0,main,P001113,S000004,T000750,datapipe-sequential-package,package,6,38,package,high,P?,tried,try,positive,False,True,15802,2173,24400,TRY?|P?|NAT,64,0.64,83,0.83,38,0.38,16224,36,woman,bachelor,english-only,united-states,,include,,include,main-exp-1.0.0
record_000765.json,U001094,main-experiment,main-experiment-package-1.2.0,main,P000580,S000004,T000076,datapipe-sequential-package,package,24,56,package,low,TRY?,managed,manage,positive,True,True,9931,9070,54986,TRY?|P?|NAT,81,0.81,91,0.91,91,0.91,25781,31,woman,bachelor,english-only,united-kingdom,,include,,include,main-exp-1.0.0
record_000767.json,U000670,main-experiment,main-experiment-package-1.2.0,main,P000109,S000004,T000048,datapipe-sequential-package,package,25,57,package,low,TRY?,didnt_manage,manage,negative,True,True,5517,6705,90372,P?|TRY?|NAT,0,0.0,0,0.0,72,0.72,25600,40,woman,bachelor,english-only,united-states,,include,,include,main-exp-1.0.0
record_000770.json,U001228,main-experiment,main-experiment-package-1.2.0,main,P000891,S000004,T001288,datapipe-sequential-package,package,0,32,package,high,P?,managed,manage,positive,True,True,2602,6240,61365,TRY?|P?|NAT,100,1.0,100,1.0,99,0.99,18359,35,man,bachelor,english-and-other,canada,,include,,include,main-exp-1.0.0
record_000771.json,U000157,main-experiment,main-experiment-package-1.2.0,main,P000308,S000004,T000074,datapipe-sequential-package,package,2,34,package,high,P?,failed,fail,positive,True,True,4968,18649,51729,TRY?|P?|NAT,71,0.71,100,1.0,0,0.0,22173,61,woman,high-school,english-only,canada,,include,,include,main-exp-1.0.0
record_000774.json,U000536,main-experiment,main-experiment-package-1.2.0,main,P001063,S000004,T000125,datapipe-sequential-package,package,1,33,package,high,P?,didnt_manage,manage,negative,True,True,2649,5879,75258,TRY?|P?|NAT,70,0.7,87,0.87,14,0.14,16920,29,man,bachelor,english-only,canada,,include,,include,main-exp-1.0.0
record_000782.json,U000874,main-experiment,main-experiment-package-1.2.0,main,P000083,S000004,T000993,datapipe-sequential-package,package,3,35,package,high,P?,didnt_fail,fail,negative,True,True,1558,3963,30322,TRY?|P?|NAT,98,0.98,100,1.0,16,0.16,8980,35,woman,bachelor,english-only,united-states,,include,,include,main-exp-1.0.0
record_000785.json,U000514,main-experiment,main-experiment-package-1.2.0,main,P000298,S000004,T000456,datapipe-sequential-package,package,16,48,package,low,P?,managed,manage,positive,True,True,39691,21396,114751,TRY?|P?|NAT,52,0.52,88,0.88,45,0.45,33495,61,man,high-school,english-only,canada,,include,,include,main-exp-1.0.0
record_000787.json,U000400,main-experiment,main-experiment-package-1.2.0,main,P000351,S000004,T000727,datapipe-sequential-package,package,19,51,package,low,P?,didnt_fail,fail,negative,True,True,4053,5052,55665,TRY?|P?|NAT,50,0.5,0,0.0,0,0.0,11697,35,woman,master,english-only,united-states,,include,,include,main-exp-1.0.0
record_000788.json,U000922,main-experiment,main-experiment-package-1.2.0,main,P000188,S000004,T000224,datapipe-sequential-package,package,27,59,package,low,TRY?,didnt_fail,fail,negative,True,True,7411,6147,40896,P?|TRY?|NAT,3,0.03,14,0.14,38,0.38,15584,40,woman,high-school,english-only,united-states,,include,,include,main-exp-1.0.0
record_000790.json,U001183,main-experiment,main-experiment-package-1.2.0,main,P000792,S000004,T000424,datapipe-sequential-package,package,17,49,package,low,P?,didnt_manage,manage,negative,True,True,18207,10834,51249,TRY?|P?|NAT,70,0.7,70,0.7,72,0.72,56282,65,man,master,english-and-other,united-kingdom,,include,,include,main-exp-1.0.0
record_000794.json,U001175,main-experiment,main-experiment-package-1.2.0,main,P000396,S000004,T001109,datapipe-sequential-package,package,29,61,package,low,TRY?,didnt,simple,negative,False,True,4296,7247,44041,P?|TRY?|NAT,0,0.0,0,0.0,60,0.6,25163,35,woman,some-college,english-only,united-kingdom,,include,,include,main-exp-1.0.0
record_000799.json,U000563,main-experiment,main-experiment-package-1.2.0,main,P000172,S000004,T000403,datapipe-sequential-package,package,1,33,package,high,P?,didnt_manage,manage,negative,True,True,5433,9118,61316,TRY?|P?|NAT,64,0.64,8,0.08,82,0.82,31545,62,man,associate,english-only,united-kingdom,,include,,include,main-exp-1.0.0
record_000802.json,U001142,main-experiment,main-experiment-package-1.2.0,main,P000438,S000004,T000115,datapipe-sequential-package,package,22,54,package,low,P?,tried,try,positive,False,True,6317,6353,91176,TRY?|P?|NAT,15,0.15,10,0.1,27,0.27,21411,29,man,bachelor,english-only,united-states,,include,,include,main-exp-1.0.0
record_000803.json,U000608,main-experiment,main-experiment-package-1.2.0,main,P001245,S000004,T000944,datapipe-sequential-package,package,7,39,package,high,P?,didnt_try,try,negative,False,True,3285,8472,51454,P?|TRY?|NAT,0,0.0,0,0.0,0,0.0,20199,34,man,bachelor,english-only,canada,,include,,include,main-exp-1.0.0
record_000804.json,U000026,main-experiment,main-experiment-package-1.2.0,main,P001272,S000004,T000057,datapipe-sequential-package,package,25,57,package,low,TRY?,didnt_manage,manage,negative,True,True,4225,6370,67667,TRY?|P?|NAT,0,0.0,0,0.0,100,1.0,15458,39,woman,some-college,english-only,united-states,,include,,include,main-exp-1.0.0
record_000810.json,U000505,main-experiment,main-experiment-package-1.2.0,main,P000264,S000004,T000851,datapipe-sequential-package,package,20,52,package,low,P?,did,simple,positive,False,True,6588,11444,56275,TRY?|P?|NAT,23,0.23,54,0.54,64,0.64,25248,32,non-binary,some-college,english-only,united-states,,include,,include,main-exp-1.0.0
record_000815.json,U000193,main-experiment,main-experiment-package-1.2.0,main,P000892,S000004,T000827,datapipe-sequential-package,package,0,32,package,high,P?,managed,manage,positive,True,True,29771,7192,63713,P?|TRY?|NAT,71,0.71,100,1.0,99,0.99,39674,55,woman,high-school,english-only,united-states,,include,,include,main-exp-1.0.0
record_000820.json,U000524,main-experiment,main-experiment-package-1.2.0,main,P000851,S000004,T000410,datapipe-sequential-package,package,12,44,package,high,TRY?,did,simple,positive,False,True,2894,12982,61107,P?|TRY?|NAT,100,1.0,100,1.0,97,0.97,12146,32,man,bachelor,english-only,united-states,,include,,include,main-exp-1.0.0
record_000821.json,U000598,main-experiment,main-experiment-package-1.2.0,main,P000254,S000004,T000304,datapipe-sequential-package,package,12,44,package,high,TRY?,did,simple,positive,False,True,7980,38662,42576,TRY?|P?|NAT,94,0.94,91,0.91,96,0.96,13433,37,woman,bachelor,english-and-other,united-states,,include,,include,main-exp-1.0.0
record_000825.json,U000779,main-experiment,main-experiment-package-1.2.0,main,P001085,S000004,T000679,datapipe-sequential-package,package,12,44,package,high,TRY?,did,simple,positive,False,True,10497,5962,96692,TRY?|P?|NAT,70,0.7,66,0.66,71,0.71,20879,62,woman,some-college,english-only,united-states,,include,,include,main-exp-1.0.0
record_000826.json,U001146,main-experiment,main-experiment-package-1.2.0,main,P000812,S000004,T000228,datapipe-sequential-package,package,29,61,package,low,TRY?,didnt,simple,negative,False,True,7368,1308,23744,P?|TRY?|NAT,20,0.2,12,0.12,72,0.72,18198,27,man,bachelor,english-only,united-states,,include,,include,main-exp-1.0.0
record_000827.json,U000241,main-experiment,main-experiment-package-1.2.0,main,P001298,S000004,T001023,datapipe-sequential-package,package,9,41,package,high,TRY?,didnt_manage,manage,negative,True,True,15461,9380,60388,P?|TRY?|NAT,40,0.4,25,0.25,66,0.66,23522,56,woman,bachelor,english-only,united-kingdom,,include,,include,main-exp-1.0.0
record_000838.json,U000602,main-experiment,main-experiment-package-1.2.0,main,P001087,S000004,T000667,datapipe-sequential-package,package,27,59,package,low,TRY?,didnt_fail,fail,negative,True,True,1759,1905,39966,P?|TRY?|NAT,67,0.67,69,0.69,12,0.12,20424,34,man,bachelor,english-only,united-states,,include,,include,main-exp-1.0.0
record_000839.json,U001184,main-experiment,main-experiment-package-1.2.0,main,P000882,S000004,T000693,datapipe-sequential-package,package,0,32,package,high,P?,managed,manage,positive,True,True,37029,8690,62537,P?|TRY?|NAT,99,0.99,100,1.0,82,0.82,34391,58,woman,associate,english-only,united-states,,include,,include,main-exp-1.0.0
record_000846.json,U000546,main-experiment,main-experiment-package-1.2.0,main,P000097,S000004,T000854,datapipe-sequential-package,package,29,61,package,low,TRY?,didnt,simple,negative,False,True,7337,7294,66647,TRY?|P?|NAT,0,0.0,0,0.0,44,0.44,17031,35,woman,high-school,english-only,united-states,,include,,include,main-exp-1.0.0
record_000849.json,U000885,main-experiment,main-experiment-package-1.2.0,main,P000259,S000004,T000141,datapipe-sequential-package,package,15,47,package,high,TRY?,didnt_try,try,negative,False,True,3894,2288,55445,P?|TRY?|NAT,4,0.04,5,0.05,40,0.4,27928,35,man,bachelor,english-and-other,united-states,,include,,include,main-exp-1.0.0
record_000851.json,U000551,main-experiment,main-experiment-package-1.2.0,main,P000332,S000004,T000904,datapipe-sequential-package,package,27,59,package,low,TRY?,didnt_fail,fail,negative,True,True,5749,11175,117811,P?|TRY?|NAT,87,0.87,88,0.88,1,0.01,22780,41,woman,high-school,english-only,united-states,,include,,include,main-exp-1.0.0
record_000854.json,U000043,main-experiment,main-experiment-package-1.2.0,main,P000348,S000004,T001201,datapipe-sequential-package,package,17,49,package,low,P?,didnt_manage,manage,negative,True,True,3535,5707,37727,P?|TRY?|NAT,3,0.03,6,0.06,43,0.43,17982,66,man,doctoral-professional,english-only,united-states,,include,,include,main-exp-1.0.0
record_000861.json,U000890,main-experiment,main-experiment-package-1.2.0,main,P001238,S000004,T000969,datapipe-sequential-package,package,16,48,package,low,P?,managed,manage,positive,True,True,4835,12563,45771,TRY?|P?|NAT,86,0.86,86,0.86,88,0.88,80588,54,man,bachelor,english-only,united-kingdom,,include,,include,main-exp-1.0.0
record_000862.json,U001118,main-experiment,main-experiment-package-1.2.0,main,P001098,S000004,T001076,datapipe-sequential-package,package,5,37,package,high,P?,didnt,simple,negative,False,True,68047,16431,85140,TRY?|P?|NAT,34,0.34,11,0.11,59,0.59,28991,66,woman,associate,english-only,united-states,,include,,include,main-exp-1.0.0
record_000863.json,U000212,main-experiment,main-experiment-package-1.2.0,main,P001302,S000004,T000329,datapipe-sequential-package,package,8,40,package,high,TRY?,managed,manage,positive,True,True,16364,9040,64892,P?|TRY?|NAT,100,1.0,100,1.0,100,1.0,26358,56,woman,some-college,english-only,united-states,,include,,include,main-exp-1.0.0
record_000866.json,U000491,main-experiment,main-experiment-package-1.2.0,main,P000977,S000004,T000461,datapipe-sequential-package,package,16,48,package,low,P?,managed,manage,positive,True,True,5874,9111,93781,P?|TRY?|NAT,82,0.82,85,0.85,59,0.59,23223,49,woman,bachelor,english-only,united-states,,include,,include,main-exp-1.0.0
record_000871.json,U000888,main-experiment,main-experiment-package-1.2.0,main,P001220,S000004,T000012,datapipe-sequential-package,package,13,45,package,high,TRY?,didnt,simple,negative,False,True,3407,1464,54114,TRY?|P?|NAT,100,1.0,83,0.83,85,0.85,19283,26,woman,associate,english-only,united-states,,include,,include,main-exp-1.0.0
record_000879.json,U000792,main-experiment,main-experiment-package-1.2.0,main,P000048,S000004,T000298,datapipe-sequential-package,package,23,55,package,low,P?,didnt_try,try,negative,False,True,7845,4189,52431,P?|TRY?|NAT,0,0.0,0,0.0,9,0.09,14945,36,woman,master,english-only,united-states,,include,,include,main-exp-1.0.0
record_000882.json,U000448,main-experiment,main-experiment-package-1.2.0,main,P001036,S000004,T000264,datapipe-sequential-package,package,2,34,package,high,P?,failed,fail,positive,True,True,27546,10985,107899,TRY?|P?|NAT,100,1.0,0,0.0,99,0.99,48148,33,man,bachelor,english-only,united-states,,include,,include,main-exp-1.0.0
record_000885.json,U000100,main-experiment,main-experiment-package-1.2.0,main,P000028,S000004,T001244,datapipe-sequential-package,package,9,41,package,high,TRY?,didnt_manage,manage,negative,True,True,2216,1147,41762,P?|TRY?|NAT,0,0.0,1,0.01,24,0.24,17455,51,woman,associate,english-only,united-states,,include,,include,main-exp-1.0.0
record_000886.json,U000746,main-experiment,main-experiment-package-1.2.0,main,P000747,S000004,T000244,datapipe-sequential-package,package,7,39,package,high,P?,didnt_try,try,negative,False,True,5055,4978,50694,TRY?|P?|NAT,6,0.06,1,0.01,95,0.95,177113,29,man,associate,english-only,united-states,,include,,include,main-exp-1.0.0
record_000887.json,U000678,main-experiment,main-experiment-package-1.2.0,main,P001282,S000004,T000153,datapipe-sequential-package,package,2,34,package,high,P?,failed,fail,positive,True,True,43864,5777,32590,TRY?|P?|NAT,0,0.0,0,0.0,38,0.38,16529,43,woman,high-school,english-only,united-states,,include,,include,main-exp-1.0.0
record_000889.json,U000017,main-experiment,main-experiment-package-1.2.0,main,P000630,S000004,T000486,datapipe-sequential-package,package,11,43,package,high,TRY?,didnt_fail,fail,negative,True,True,4043,19794,38092,P?|TRY?|NAT,100,1.0,88,0.88,23,0.23,14800,22,non-binary,some-college,english-only,united-states,,include,,include,main-exp-1.0.0
record_000893.json,U000857,main-experiment,main-experiment-package-1.2.0,main,P001018,S000004,T000921,datapipe-sequential-package,package,22,54,package,low,P?,tried,try,positive,False,True,25634,7570,62214,TRY?|P?|NAT,69,0.69,37,0.37,63,0.63,23458,35,man,high-school,english-only,united-states,,include,,include,main-exp-1.0.0
record_000897.json,U000426,main-experiment,main-experiment-package-1.2.0,main,P000442,S000004,T001088,datapipe-sequential-package,package,15,47,package,high,TRY?,didnt_try,try,negative,False,True,3558,6200,41368,P?|TRY?|NAT,47,0.47,43,0.43,27,0.27,66123,55,man,bachelor,english-only,united-states,,include,,include,main-exp-1.0.0
record_000898.json,U000067,main-experiment,main-experiment-package-1.2.0,main,P001249,S000004,T000994,datapipe-sequential-package,package,29,61,package,low,TRY?,didnt,simple,negative,False,True,5073,2579,74951,P?|TRY?|NAT,0,0.0,0,0.0,19,0.19,25624,42,man,bachelor,english-only,australia,,include,,include,main-exp-1.0.0
record_000902.json,U000555,main-experiment,main-experiment-package-1.2.0,main,P000540,S000004,T000879,datapipe-sequential-package,package,1,33,package,high,P?,didnt_manage,manage,negative,True,True,4388,9280,65119,P?|TRY?|NAT,34,0.34,0,0.0,100,1.0,21831,30,man,doctoral-professional,english-only,united-states,,include,,include,main-exp-1.0.0
record_000903.json,U000658,main-experiment,main-experiment-package-1.2.0,main,P000841,S000004,T000615,datapipe-sequential-package,package,31,63,package,low,TRY?,didnt_try,try,negative,False,True,6857,10854,26448,TRY?|P?|NAT,19,0.19,16,0.16,76,0.76,16422,27,woman,bachelor,english-only,united-kingdom,,include,,include,main-exp-1.0.0
record_000904.json,U000531,main-experiment,main-experiment-package-1.2.0,main,P000597,S000004,T000417,datapipe-sequential-package,package,6,38,package,high,P?,tried,try,positive,False,True,3156,4979,28032,TRY?|P?|NAT,100,1.0,83,0.83,85,0.85,14684,47,man,some-college,english-only,canada,,include,,include,main-exp-1.0.0
record_000907.json,U000137,main-experiment,main-experiment-package-1.2.0,main,P001086,S000004,T000400,datapipe-sequential-package,package,17,49,package,low,P?,didnt_manage,manage,negative,True,True,2947,1490,34068,TRY?|P?|NAT,11,0.11,0,0.0,51,0.51,14619,45,man,some-college,english-only,united-states,,include,,include,main-exp-1.0.0
record_000908.json,U001029,main-experiment,main-experiment-package-1.2.0,main,P000161,S000004,T000517,datapipe-sequential-package,package,28,60,package,low,TRY?,did,simple,positive,False,True,26109,9622,58003,TRY?|P?|NAT,41,0.41,43,0.43,60,0.6,16817,41,woman,bachelor,english-only,united-states,,include,,include,main-exp-1.0.0
record_000909.json,U000027,main-experiment,main-experiment-package-1.2.0,main,P000560,S000004,T000103,datapipe-sequential-package,package,4,36,package,high,P?,did,simple,positive,False,True,173179,35001,53010,TRY?|P?|NAT,99,0.99,99,0.99,100,1.0,11280,46,man,bachelor,english-only,united-states,,include,,include,main-exp-1.0.0
record_000915.json,U001253,main-experiment,main-experiment-package-1.2.0,main,P000311,S000004,T000295,datapipe-sequential-package,package,12,44,package,high,TRY?,did,simple,positive,False,True,23015,3987,33401,P?|TRY?|NAT,72,0.72,49,0.49,35,0.35,192601,23,woman,bachelor,english-and-other,united-states,,include,,include,main-exp-1.0.0
record_000919.json,U000975,main-experiment,main-experiment-package-1.2.0,main,P000604,S000004,T000762,datapipe-sequential-package,package,8,40,package,high,TRY?,managed,manage,positive,True,True,8773,5348,129323,TRY?|P?|NAT,45,0.45,31,0.31,72,0.72,34996,41,man,associate,english-only,united-states,,include,,include,main-exp-1.0.0
record_000920.json,U000513,main-experiment,main-experiment-package-1.2.0,main,P001301,S000004,T000420,datapipe-sequential-package,package,13,45,package,high,TRY?,didnt,simple,negative,False,True,3681,1179,42968,P?|TRY?|NAT,68,0.68,19,0.19,65,0.65,13103,51,man,doctoral-professional,english-only,united-states,,include,,include,main-exp-1.0.0
record_000921.json,U000422,main-experiment,main-experiment-package-1.2.0,main,P000246,S000004,T001185,datapipe-sequential-package,package,18,50,package,low,P?,failed,fail,positive,True,True,105862,8387,66040,TRY?|P?|NAT,28,0.28,25,0.25,38,0.38,42013,59,man,associate,english-only,united-states,,include,,include,main-exp-1.0.0
record_000923.json,U000991,main-experiment,main-experiment-package-1.2.0,main,P000440,S000004,T000438,datapipe-sequential-package,package,20,52,package,low,P?,did,simple,positive,False,True,6279,5693,32408,TRY?|P?|NAT,100,1.0,100,1.0,20,0.2,16728,21,man,some-college,english-only,united-states,,include,,include,main-exp-1.0.0
record_000925.json,U001051,main-experiment,main-experiment-package-1.2.0,main,P000828,S000004,T000970,datapipe-sequential-package,package,10,42,package,high,TRY?,failed,fail,positive,True,True,5231,3628,73990,P?|TRY?|NAT,69,0.69,23,0.23,19,0.19,16958,39,man,associate,english-only,canada,,include,,include,main-exp-1.0.0
record_000926.json,U000229,main-experiment,main-experiment-package-1.2.0,main,P000899,S000004,T000118,datapipe-sequential-package,package,14,46,package,high,TRY?,tried,try,positive,False,True,2765,6850,57630,P?|TRY?|NAT,15,0.15,23,0.23,12,0.12,17783,48,woman,master,english-only,united-states,,include,,include,main-exp-1.0.0
record_000932.json,U000693,main-experiment,main-experiment-package-1.2.0,main,P000075,S000004,T001277,datapipe-sequential-package,package,27,59,package,low,TRY?,didnt_fail,fail,negative,True,True,2301,957,42194,TRY?|P?|NAT,82,0.82,82,0.82,79,0.79,12145,30,man,master,english-only,united-states,,include,,include,main-exp-1.0.0
record_000934.json,U000623,main-experiment,main-experiment-package-1.2.0,main,P001244,S000004,T001236,datapipe-sequential-package,package,0,32,package,high,P?,managed,manage,positive,True,True,53819,10799,54478,TRY?|P?|NAT,100,1.0,100,1.0,28,0.28,22143,66,woman,doctoral-professional,english-only,australia,,include,,include,main-exp-1.0.0
record_000936.json,U001078,main-experiment,main-experiment-package-1.2.0,main,P000976,S000004,T000458,datapipe-sequential-package,package,30,62,package,low,TRY?,tried,try,positive,False,True,25865,8263,95968,P?|TRY?|NAT,47,0.47,25,0.25,74,0.74,26083,38,woman,high-school,english-only,united-states,,include,,include,main-exp-1.0.0
record_000937.json,U000256,main-experiment,main-experiment-package-1.2.0,main,P000113,S000004,T000771,datapipe-sequential-package,package,27,59,package,low,TRY?,didnt_fail,fail,negative,True,True,16256,1259,32385,P?|TRY?|NAT,8,0.08,5,0.05,0,0.0,13655,24,woman,bachelor,english-only,australia,,include,,include,main-exp-1.0.0
record_000938.json,U000974,main-experiment,main-experiment-package-1.2.0,main,P001005,S000004,T001073,datapipe-sequential-package,package,23,55,package,low,P?,didnt_try,try,negative,False,True,3238,8169,62514,TRY?|P?|NAT,4,0.04,6,0.06,90,0.9,21415,23,woman,some-college,english-and-other,united-states,,include,,include,main-exp-1.0.0
record_000940.json,U000603,main-experiment,main-experiment-package-1.2.0,main,P000047,S000004,T000192,datapipe-sequential-package,package,13,45,package,high,TRY?,didnt,simple,negative,False,True,2528,2034,40314,TRY?|P?|NAT,26,0.26,25,0.25,26,0.26,17708,32,man,bachelor,english-and-other,canada,,include,,include,main-exp-1.0.0
record_000942.json,U001045,main-experiment,main-experiment-package-1.2.0,main,P000405,S000004,T000703,datapipe-sequential-package,package,25,57,package,low,TRY?,didnt_manage,manage,negative,True,True,2355,1487,39504,P?|TRY?|NAT,0,0.0,0,0.0,24,0.24,17491,54,woman,bachelor,english-only,united-states,,include,,include,main-exp-1.0.0
record_000944.json,U000937,main-experiment,main-experiment-package-1.2.0,main,P000046,S000004,T001010,datapipe-sequential-package,package,1,33,package,high,P?,didnt_manage,manage,negative,True,True,2156,3484,41157,P?|TRY?|NAT,80,0.8,7,0.07,34,0.34,11502,24,man,bachelor,english-only,united-states,,include,,include,main-exp-1.0.0
record_000946.json,U000934,main-experiment,main-experiment-package-1.2.0,main,P000875,S000004,T000485,datapipe-sequential-package,package,19,51,package,low,P?,didnt_fail,fail,negative,True,True,2847,5070,33416,P?|TRY?|NAT,9,0.09,8,0.08,1,0.01,16392,41,man,bachelor,english-only,united-states,,include,,include,main-exp-1.0.0
record_000947.json,U000243,main-experiment,main-experiment-package-1.2.0,main,P000525,S000004,T000157,datapipe-sequential-package,package,9,41,package,high,TRY?,didnt_manage,manage,negative,True,True,14918,2502,118610,TRY?|P?|NAT,29,0.29,21,0.21,70,0.7,23706,44,woman,some-college,english-only,united-states,,include,,include,main-exp-1.0.0
record_000949.json,U000720,main-experiment,main-experiment-package-1.2.0,main,P000952,S000004,T000575,datapipe-sequential-package,package,0,32,package,high,P?,managed,manage,positive,True,True,6136,24871,43151,TRY?|P?|NAT,100,1.0,100,1.0,34,0.34,299727,58,woman,some-college,english-only,united-states,,include,,include,main-exp-1.0.0
record_000952.json,U000638,main-experiment,main-experiment-package-1.2.0,main,P001092,S000004,T000352,datapipe-sequential-package,package,11,43,package,high,TRY?,didnt_fail,fail,negative,True,True,3190,3979,64130,TRY?|P?|NAT,69,0.69,36,0.36,9,0.09,22265,55,woman,some-college,english-only,united-states,,include,,include,main-exp-1.0.0
record_000953.json,U000607,main-experiment,main-experiment-package-1.2.0,main,P000833,S000004,T001164,datapipe-sequential-package,package,13,45,package,high,TRY?,didnt,simple,negative,False,True,7781,5456,109189,TRY?|P?|NAT,37,0.37,36,0.36,35,0.35,30750,53,man,some-college,english-only,australia,,include,,include,main-exp-1.0.0
record_000955.json,U000063,main-experiment,main-experiment-package-1.2.0,main,P000682,S000004,T000140,datapipe-sequential-package,package,5,37,package,high,P?,didnt,simple,negative,False,True,1878,1022,35929,TRY?|P?|NAT,0,0.0,0,0.0,82,0.82,14200,21,man,high-school,english-and-other,canada,,include,,include,main-exp-1.0.0
record_000956.json,U000450,main-experiment,main-experiment-package-1.2.0,main,P000431,S000004,T000129,datapipe-sequential-package,package,19,51,package,low,P?,didnt_fail,fail,negative,True,True,5216,4294,36798,P?|TRY?|NAT,33,0.33,31,0.31,7,0.07,13523,24,woman,bachelor,english-only,united-states,,include,,include,main-exp-1.0.0
record_000958.json,U000179,main-experiment,main-experiment-package-1.2.0,main,P000391,S000004,T000947,datapipe-sequential-package,package,17,49,package,low,P?,didnt_manage,manage,negative,True,True,1675,6717,21458,TRY?|P?|NAT,0,0.0,0,0.0,93,0.93,8551,36,woman,bachelor,english-only,united-states,,include,,include,main-exp-1.0.0
record_000964.json,U000955,main-experiment,main-experiment-package-1.2.0,main,P000423,S000004,T000836,datapipe-sequential-package,package,29,61,package,low,TRY?,didnt,simple,negative,False,True,6838,7697,57774,P?|TRY?|NAT,2,0.02,2,0.02,34,0.34,37311,36,woman,bachelor,english-only,new-zealand,,include,,include,main-exp-1.0.0
record_000967.json,U000010,main-experiment,main-experiment-package-1.2.0,main,P001183,S000004,T000101,datapipe-sequential-package,package,31,63,package,low,TRY?,didnt_try,try,negative,False,True,11263,5603,91647,P?|TRY?|NAT,4,0.04,5,0.05,99,0.99,21562,70,man,master,english-only,united-states,,include,,include,main-exp-1.0.0
record_000972.json,U000199,main-experiment,main-experiment-package-1.2.0,main,P001202,S000004,T000657,datapipe-sequential-package,package,6,38,package,high,P?,tried,try,positive,False,True,14884,6841,67711,P?|TRY?|NAT,100,1.0,10,0.1,79,0.79,60850,33,man,high-school,english-only,united-states,,include,,include,main-exp-1.0.0
record_000978.json,U000953,main-experiment,main-experiment-package-1.2.0,main,P001031,S000004,T000393,datapipe-sequential-package,package,19,51,package,low,P?,didnt_fail,fail,negative,True,True,304552,2813,28608,TRY?|P?|NAT,100,1.0,100,1.0,8,0.08,7642,34,man,bachelor,english-only,united-states,,include,,include,main-exp-1.0.0
record_000980.json,U000121,main-experiment,main-experiment-package-1.2.0,main,P001209,S000004,T000450,datapipe-sequential-package,package,0,32,package,high,P?,managed,manage,positive,True,True,15719,3339,30076,P?|TRY?|NAT,100,1.0,100,1.0,60,0.6,83516,33,man,master,english-only,canada,,include,,include,main-exp-1.0.0
record_000984.json,U000764,main-experiment,main-experiment-package-1.2.0,main,P000092,S000004,T001255,datapipe-sequential-package,package,31,63,package,low,TRY?,didnt_try,try,negative,False,True,15447,6161,65560,TRY?|P?|NAT,0,0.0,0,0.0,100,1.0,22433,53,woman,doctoral-professional,english-only,united-states,,include,,include,main-exp-1.0.0
record_000989.json,U000796,main-experiment,main-experiment-package-1.2.0,main,P001072,S000004,T000341,datapipe-sequential-package,package,19,51,package,low,P?,didnt_fail,fail,negative,True,True,5586,2991,68854,P?|TRY?|NAT,16,0.16,56,0.56,1,0.01,28720,27,woman,high-school,english-only,united-states,,include,,include,main-exp-1.0.0
record_000997.json,U000421,main-experiment,main-experiment-package-1.2.0,main,P001096,S000004,T000801,datapipe-sequential-package,package,11,43,package,high,TRY?,didnt_fail,fail,negative,True,True,2166,1549,26708,P?|TRY?|NAT,99,0.99,100,1.0,45,0.45,11767,45,man,master,english-only,united-states,,include,,include,main-exp-1.0.0
record_000999.json,U001293,main-experiment,main-experiment-package-1.2.0,main,P000219,S000004,T001133,datapipe-sequential-package,package,25,57,package,low,TRY?,didnt_manage,manage,negative,True,True,2558,6849,152979,TRY?|P?|NAT,0,0.0,0,0.0,100,1.0,16354,28,man,some-college,english-only,united-states,,include,,include,main-exp-1.0.0
record_001000.json,U000957,main-experiment,main-experiment-package-1.2.0,main,P000785,S000004,T000710,datapipe-sequential-package,package,28,60,package,low,TRY?,did,simple,positive,False,True,23245,102506,94958,P?|TRY?|NAT,79,0.79,81,0.81,82,0.82,10041,31,man,bachelor,english-only,united-states,,include,,include,main-exp-1.0.0
record_001004.json,U000079,main-experiment,main-experiment-package-1.2.0,main,P000566,S000004,T001258,datapipe-sequential-package,package,23,55,package,low,P?,didnt_try,try,negative,False,True,3128,5698,59741,P?|TRY?|NAT,28,0.28,33,0.33,74,0.74,19725,46,man,some-college,english-only,united-states,,include,,include,main-exp-1.0.0
record_001007.json,U000215,main-experiment,main-experiment-package-1.2.0,main,P000166,S000004,T001012,datapipe-sequential-package,package,21,53,package,low,P?,didnt,simple,negative,False,True,3335,3523,34527,P?|TRY?|NAT,12,0.12,6,0.06,56,0.56,13587,47,man,bachelor,english-only,australia,,include,,include,main-exp-1.0.0
record_001010.json,U001031,main-experiment,main-experiment-package-1.2.0,main,P000755,S000004,T000992,datapipe-sequential-package,package,23,55,package,low,P?,didnt_try,try,negative,False,True,3053,6415,72609,TRY?|P?|NAT,11,0.11,11,0.11,13,0.13,23607,74,woman,bachelor,english-only,united-states,,include,,include,main-exp-1.0.0
record_001015.json,U000951,main-experiment,main-experiment-package-1.2.0,main,P000831,S000004,T000351,datapipe-sequential-package,package,12,44,package,high,TRY?,did,simple,positive,False,True,2059,2853,19630,P?|TRY?|NAT,100,1.0,100,1.0,100,1.0,11591,32,man,bachelor,english-only,united-states,,include,,include,main-exp-1.0.0
record_001017.json,U000800,main-experiment,main-experiment-package-1.2.0,main,P000837,S000004,T000953,datapipe-sequential-package,package,20,52,package,low,P?,did,simple,positive,False,True,68326,1638,64774,P?|TRY?|NAT,7,0.07,16,0.16,32,0.32,12942,28,man,prefer-not-to-say,english-only,united-states,,include,,include,main-exp-1.0.0
record_001018.json,U000386,main-experiment,main-experiment-package-1.2.0,main,P000377,S000004,T000162,datapipe-sequential-package,package,9,41,package,high,TRY?,didnt_manage,manage,negative,True,True,13750,5629,37930,TRY?|P?|NAT,29,0.29,26,0.26,24,0.24,15499,56,man,some-college,english-only,united-states,,include,,include,main-exp-1.0.0
record_001020.json,U000838,main-experiment,main-experiment-package-1.2.0,main,P000679,S000004,T000322,datapipe-sequential-package,package,7,39,package,high,P?,didnt_try,try,negative,False,True,2321,1228,45136,TRY?|P?|NAT,75,0.75,75,0.75,52,0.52,15811,31,man,associate,english-only,united-states,,include,,include,main-exp-1.0.0
record_001026.json,U000310,main-experiment,main-experiment-package-1.2.0,main,P000657,S000004,T001195,datapipe-sequential-package,package,12,44,package,high,TRY?,did,simple,positive,False,True,1804,1034,19372,TRY?|P?|NAT,80,0.8,94,0.94,81,0.81,10684,24,non-binary,master,english-only,united-states,,include,,include,main-exp-1.0.0
record_001027.json,U000372,main-experiment,main-experiment-package-1.2.0,main,P001045,S000004,T000454,datapipe-sequential-package,package,10,42,package,high,TRY?,failed,fail,positive,True,True,12140,16484,33071,TRY?|P?|NAT,62,0.62,7,0.07,19,0.19,22653,29,man,bachelor,english-and-other,canada,,include,,include,main-exp-1.0.0
record_001036.json,U001140,main-experiment,main-experiment-package-1.2.0,main,P000493,S000004,T000467,datapipe-sequential-package,package,30,62,package,low,TRY?,tried,try,positive,False,True,6238,10258,114235,P?|TRY?|NAT,33,0.33,12,0.12,77,0.77,15070,41,man,some-college,english-only,united-states,,include,,include,main-exp-1.0.0
record_001038.json,U000459,main-experiment,main-experiment-package-1.2.0,main,P000024,S000004,T000147,datapipe-sequential-package,package,24,56,package,low,TRY?,managed,manage,positive,True,True,19115,1480,97692,P?|TRY?|NAT,16,0.16,16,0.16,38,0.38,8212,29,man,bachelor,english-only,united-states,,include,,include,main-exp-1.0.0
record_001040.json,U000539,main-experiment,main-experiment-package-1.2.0,main,P000360,S000004,T000581,datapipe-sequential-package,package,0,32,package,high,P?,managed,manage,positive,True,True,254432,4725,86257,P?|TRY?|NAT,69,0.69,80,0.8,41,0.41,152232,27,man,high-school,english-only,united-states,,include,,include,main-exp-1.0.0
record_001041.json,U000083,main-experiment,main-experiment-package-1.2.0,main,P000365,S000004,T001007,datapipe-sequential-package,package,15,47,package,high,TRY?,didnt_try,try,negative,False,True,5183,4806,164815,TRY?|P?|NAT,0,0.0,0,0.0,100,1.0,37213,44,man,master,english-only,australia,,include,,include,main-exp-1.0.0
record_001042.json,U000969,main-experiment,main-experiment-package-1.2.0,main,P000352,S000004,T000083,datapipe-sequential-package,package,10,42,package,high,TRY?,failed,fail,positive,True,True,13250,3376,75644,TRY?|P?|NAT,40,0.4,0,0.0,39,0.39,20013,22,woman,high-school,english-only,united-states,,include,,include,main-exp-1.0.0
record_001046.json,U000262,main-experiment,main-experiment-package-1.2.0,main,P000076,S000004,T000008,datapipe-sequential-package,package,12,44,package,high,TRY?,did,simple,positive,False,True,70630,8565,97359,P?|TRY?|NAT,90,0.9,76,0.76,90,0.9,28125,46,man,bachelor,english-only,united-kingdom,,include,,include,main-exp-1.0.0
record_001049.json,U000419,main-experiment,main-experiment-package-1.2.0,main,P000199,S000004,T001181,datapipe-sequential-package,package,7,39,package,high,P?,didnt_try,try,negative,False,True,7249,108209,43189,P?|TRY?|NAT,10,0.1,11,0.11,81,0.81,48032,66,man,high-school,english-only,united-states,,include,,include,main-exp-1.0.0
record_001050.json,U000281,main-experiment,main-experiment-package-1.2.0,main,P000304,S000004,T000131,datapipe-sequential-package,package,12,44,package,high,TRY?,did,simple,positive,False,True,2794,6153,61866,TRY?|P?|NAT,90,0.9,72,0.72,92,0.92,16383,33,man,bachelor,english-only,canada,,include,,include,main-exp-1.0.0
record_001051.json,U000013,main-experiment,main-experiment-package-1.2.0,main,P000871,S000004,T001225,datapipe-sequential-package,package,23,55,package,low,P?,didnt_try,try,negative,False,True,2001,2316,37188,TRY?|P?|NAT,29,0.29,42,0.42,40,0.4,14833,33,woman,some-college,english-only,united-states,,include,,include,main-exp-1.0.0
record_001053.json,U000785,main-experiment,main-experiment-package-1.2.0,main,P000373,S000004,T000838,datapipe-sequential-package,package,4,36,package,high,P?,did,simple,positive,False,True,5072,2964,55179,TRY?|P?|NAT,31,0.31,36,0.36,23,0.23,23946,70,woman,bachelor,english-only,united-kingdom,,include,,include,main-exp-1.0.0
record_001056.json,U000834,main-experiment,main-experiment-package-1.2.0,main,P000449,S000004,T000380,datapipe-sequential-package,package,16,48,package,low,P?,managed,manage,positive,True,True,264442,16698,193277,P?|TRY?|NAT,91,0.91,91,0.91,95,0.95,15309,52,woman,less-than-high-school,english-only,united-states,,include,,include,main-exp-1.0.0
record_001070.json,U000719,main-experiment,main-experiment-package-1.2.0,main,P000212,S000004,T000937,datapipe-sequential-package,package,18,50,package,low,P?,failed,fail,positive,True,True,10390,2399,45116,TRY?|P?|NAT,34,0.34,78,0.78,84,0.84,18097,30,woman,high-school,english-only,united-states,,include,,include,main-exp-1.0.0
record_001076.json,U000227,main-experiment,main-experiment-package-1.2.0,main,P000878,S000004,T000291,datapipe-sequential-package,package,22,54,package,low,P?,tried,try,positive,False,True,8328,4522,28753,TRY?|P?|NAT,12,0.12,12,0.12,23,0.23,117212,25,man,bachelor,english-only,united-states,,include,,include,main-exp-1.0.0
record_001079.json,U000174,main-experiment,main-experiment-package-1.2.0,main,P000840,S000004,T000668,datapipe-sequential-package,package,20,52,package,low,P?,did,simple,positive,False,True,3883,2575,48637,TRY?|P?|NAT,80,0.8,75,0.75,28,0.28,12905,29,man,high-school,english-only,united-states,,include,,include,main-exp-1.0.0
record_001082.json,U000895,main-experiment,main-experiment-package-1.2.0,main,P001134,S000004,T000109,datapipe-sequential-package,package,30,62,package,low,TRY?,tried,try,positive,False,True,11598,3826,31161,P?|TRY?|NAT,0,0.0,0,0.0,34,0.34,19184,21,man,some-college,english-only,united-states,,include,,include,main-exp-1.0.0
record_001083.json,U001295,main-experiment,main-experiment-package-1.2.0,main,P000213,S000004,T000534,datapipe-sequential-package,package,14,46,package,high,TRY?,tried,try,positive,False,True,7159,7172,117255,TRY?|P?|NAT,100,1.0,0,0.0,64,0.64,33185,26,man,bachelor,english-only,united-kingdom,,include,,include,main-exp-1.0.0
record_001088.json,U000006,main-experiment,main-experiment-package-1.2.0,main,P000572,S000004,T000725,datapipe-sequential-package,package,7,39,package,high,P?,didnt_try,try,negative,False,True,6942,6265,44621,TRY?|P?|NAT,20,0.2,20,0.2,41,0.41,12923,20,woman,some-college,english-only,united-states,,include,,include,main-exp-1.0.0
record_001095.json,U000234,main-experiment,main-experiment-package-1.2.0,main,P001248,S000004,T000212,datapipe-sequential-package,package,21,53,package,low,P?,didnt,simple,negative,False,True,4550,1920,38007,TRY?|P?|NAT,0,0.0,12,0.12,78,0.78,16342,25,man,bachelor,english-only,united-states,,include,,include,main-exp-1.0.0
record_001099.json,U000765,main-experiment,main-experiment-package-1.2.0,main,P000992,S000004,T000364,datapipe-sequential-package,package,13,45,package,high,TRY?,didnt,simple,negative,False,True,5941,3972,34494,TRY?|P?|NAT,0,0.0,1,0.01,42,0.42,21228,37,woman,some-college,english-only,united-states,,include,,include,main-exp-1.0.0
record_001100.json,U000414,main-experiment,main-experiment-package-1.2.0,main,P000345,S000004,T000040,datapipe-sequential-package,package,9,41,package,high,TRY?,didnt_manage,manage,negative,True,True,3879,2843,79135,TRY?|P?|NAT,88,0.88,77,0.77,98,0.98,224136,25,woman,master,english-only,united-states,,include,,include,main-exp-1.0.0
record_001103.json,U000222,main-experiment,main-experiment-package-1.2.0,main,P001167,S000004,T000460,datapipe-sequential-package,package,10,42,package,high,TRY?,failed,fail,positive,True,True,2060,1085,63546,P?|TRY?|NAT,5,0.05,5,0.05,62,0.62,13846,38,man,bachelor,english-only,united-states,,include,,include,main-exp-1.0.0
record_001106.json,U000775,main-experiment,main-experiment-package-1.2.0,main,P001169,S000004,T000360,datapipe-sequential-package,package,15,47,package,high,TRY?,didnt_try,try,negative,False,True,12723,3127,67793,P?|TRY?|NAT,4,0.04,5,0.05,77,0.77,26332,42,man,high-school,english-only,united-states,,include,,include,main-exp-1.0.0
record_001108.json,U000455,main-experiment,main-experiment-package-1.2.0,main,P000515,S000004,T000914,datapipe-sequential-package,package,25,57,package,low,TRY?,didnt_manage,manage,negative,True,True,3531,3691,40944,TRY?|P?|NAT,26,0.26,3,0.03,14,0.14,10705,25,woman,master,english-only,united-states,,include,,include,main-exp-1.0.0
record_001109.json,U000705,main-experiment,main-experiment-package-1.2.0,main,P001128,S000004,T001101,datapipe-sequential-package,package,31,63,package,low,TRY?,didnt_try,try,negative,False,True,10951,5481,33633,TRY?|P?|NAT,6,0.06,9,0.09,90,0.9,11296,41,man,some-college,english-only,united-states,,include,,include,main-exp-1.0.0
record_001114.json,U001237,main-experiment,main-experiment-package-1.2.0,main,P000374,S000004,T001276,datapipe-sequential-package,package,9,41,package,high,TRY?,didnt_manage,manage,negative,True,True,3991,5625,60918,P?|TRY?|NAT,38,0.38,5,0.05,24,0.24,25527,36,man,master,english-only,united-kingdom,,include,,include,main-exp-1.0.0
record_001118.json,U000350,main-experiment,main-experiment-package-1.2.0,main,P000136,S000004,T000023,datapipe-sequential-package,package,18,50,package,low,P?,failed,fail,positive,True,True,3850,1756,47214,P?|TRY?|NAT,6,0.06,4,0.04,13,0.13,14265,21,woman,high-school,english-only,united-states,,include,,include,main-exp-1.0.0
record_001119.json,U000289,main-experiment,main-experiment-package-1.2.0,main,P000414,S000004,T000161,datapipe-sequential-package,package,9,41,package,high,TRY?,didnt_manage,manage,negative,True,True,10872,1651,77682,P?|TRY?|NAT,43,0.43,23,0.23,91,0.91,16975,45,man,some-college,english-only,united-states,,include,,include,main-exp-1.0.0
record_001120.json,U000482,main-experiment,main-experiment-package-1.2.0,main,P001211,S000004,T000051,datapipe-sequential-package,package,0,32,package,high,P?,managed,manage,positive,True,True,33270,24643,50982,P?|TRY?|NAT,100,1.0,100,1.0,100,1.0,13029,32,man,bachelor,english-only,united-states,,include,,include,main-exp-1.0.0
record_001125.json,U000320,main-experiment,main-experiment-package-1.2.0,main,P000347,S000004,T000020,datapipe-sequential-package,package,2,34,package,high,P?,failed,fail,positive,True,True,41177,4975,55462,P?|TRY?|NAT,70,0.7,9,0.09,64,0.64,16249,27,woman,bachelor,english-only,united-states,,include,,include,main-exp-1.0.0
record_001126.json,U000217,main-experiment,main-experiment-package-1.2.0,main,P001138,S000004,T000370,datapipe-sequential-package,package,9,41,package,high,TRY?,didnt_manage,manage,negative,True,True,22939,6556,52220,P?|TRY?|NAT,3,0.03,0,0.0,0,0.0,25972,67,woman,high-school,english-only,united-states,,include,,include,main-exp-1.0.0
record_001128.json,U000517,main-experiment,main-experiment-package-1.2.0,main,P000509,S000004,T000542,datapipe-sequential-package,package,5,37,package,high,P?,didnt,simple,negative,False,True,4174,9637,75186,P?|TRY?|NAT,65,0.65,62,0.62,34,0.34,23715,46,man,some-college,english-only,united-states,,include,,include,main-exp-1.0.0
record_001133.json,U000903,main-experiment,main-experiment-package-1.2.0,main,P000632,S000004,T000357,datapipe-sequential-package,package,28,60,package,low,TRY?,did,simple,positive,False,True,2160,3862,32776,P?|TRY?|NAT,8,0.08,29,0.29,4,0.04,14717,43,woman,master,english-only,united-kingdom,,include,,include,main-exp-1.0.0
record_001135.json,U000264,main-experiment,main-experiment-package-1.2.0,main,P000394,S000004,T000561,datapipe-sequential-package,package,13,45,package,high,TRY?,didnt,simple,negative,False,True,57854,7989,74970,P?|TRY?|NAT,13,0.13,2,0.02,93,0.93,40027,54,woman,bachelor,english-only,united-states,,include,,include,main-exp-1.0.0
record_001141.json,U001088,main-experiment,main-experiment-package-1.2.0,main,P000966,S000004,T000171,datapipe-sequential-package,package,10,42,package,high,TRY?,failed,fail,positive,True,True,46377,12897,95564,P?|TRY?|NAT,75,0.75,3,0.03,79,0.79,41976,64,woman,master,english-only,united-states,,include,,include,main-exp-1.0.0
record_001145.json,U000061,main-experiment,main-experiment-package-1.2.0,main,P000732,S000004,T000306,datapipe-sequential-package,package,26,58,package,low,TRY?,failed,fail,positive,True,True,3400,3309,50508,P?|TRY?|NAT,0,0.0,0,0.0,29,0.29,14365,46,man,some-college,english-only,united-states,,include,,include,main-exp-1.0.0
record_001146.json,U000178,main-experiment,main-experiment-package-1.2.0,main,P000902,S000004,T000105,datapipe-sequential-package,package,13,45,package,high,TRY?,didnt,simple,negative,False,True,35005,7297,36481,TRY?|P?|NAT,47,0.47,19,0.19,68,0.68,19645,29,woman,bachelor,english-only,united-states,,include,,include,main-exp-1.0.0
record_001148.json,U000725,main-experiment,main-experiment-package-1.2.0,main,P000957,S000004,T000522,datapipe-sequential-package,package,31,63,package,low,TRY?,didnt_try,try,negative,False,True,94697,4443,36570,TRY?|P?|NAT,17,0.17,0,0.0,100,1.0,14220,46,man,associate,english-only,united-states,,include,,include,main-exp-1.0.0
record_001150.json,U000633,main-experiment,main-experiment-package-1.2.0,main,P000825,S000004,T000646,datapipe-sequential-package,package,14,46,package,high,TRY?,tried,try,positive,False,True,8048,11558,64941,P?|TRY?|NAT,100,1.0,2,0.02,8,0.08,32049,60,woman,associate,english-only,united-states,,include,,include,main-exp-1.0.0
record_001151.json,U000081,main-experiment,main-experiment-package-1.2.0,main,P000783,S000004,T000232,datapipe-sequential-package,package,14,46,package,high,TRY?,tried,try,positive,False,True,5205,2532,30769,TRY?|P?|NAT,100,1.0,100,1.0,59,0.59,17015,29,woman,bachelor,english-and-other,united-states,,include,,include,main-exp-1.0.0
record_001153.json,U000148,main-experiment,main-experiment-package-1.2.0,main,P000450,S000004,T000374,datapipe-sequential-package,package,4,36,package,high,P?,did,simple,positive,False,True,1567,2879,19571,P?|TRY?|NAT,100,1.0,100,1.0,100,1.0,36141,26,woman,master,english-only,united-states,,include,,include,main-exp-1.0.0
record_001161.json,U000287,main-experiment,main-experiment-package-1.2.0,main,P000033,S000004,T001306,datapipe-sequential-package,package,23,55,package,low,P?,didnt_try,try,negative,False,True,1864,4272,120405,TRY?|P?|NAT,0,0.0,0,0.0,100,1.0,14925,39,man,bachelor,english-only,united-states,,include,,include,main-exp-1.0.0
record_001162.json,U001048,main-experiment,main-experiment-package-1.2.0,main,P000275,S000004,T000025,datapipe-sequential-package,package,5,37,package,high,P?,didnt,simple,negative,False,True,2357,3570,34114,P?|TRY?|NAT,6,0.06,7,0.07,91,0.91,13847,29,man,bachelor,english-only,united-states,,include,,include,main-exp-1.0.0
record_001163.json,U001270,main-experiment,main-experiment-package-1.2.0,main,P001198,S000004,T001269,datapipe-sequential-package,package,18,50,package,low,P?,failed,fail,positive,True,True,7586,4080,33629,P?|TRY?|NAT,8,0.08,3,0.03,4,0.04,179733,37,woman,bachelor,english-only,australia,,include,,include,main-exp-1.0.0
record_001168.json,U000394,main-experiment,main-experiment-package-1.2.0,main,P000361,S000004,T000589,datapipe-sequential-package,package,6,38,package,high,P?,tried,try,positive,False,True,7250,6173,64726,TRY?|P?|NAT,100,1.0,30,0.3,0,0.0,16349,31,woman,doctoral-professional,english-only,united-states,,include,,include,main-exp-1.0.0
record_001181.json,U000249,main-experiment,main-experiment-package-1.2.0,main,P000478,S000004,T001289,datapipe-sequential-package,package,26,58,package,low,TRY?,failed,fail,positive,True,True,3593,1613,45448,P?|TRY?|NAT,0,0.0,0,0.0,7,0.07,15915,21,man,some-college,english-only,united-states,,include,,include,main-exp-1.0.0
record_001182.json,U000816,main-experiment,main-experiment-package-1.2.0,main,P000197,S000004,T000815,datapipe-sequential-package,package,20,52,package,low,P?,did,simple,positive,False,True,6439,5204,52876,TRY?|P?|NAT,92,0.92,100,1.0,83,0.83,177794,39,man,master,english-only,australia,,include,,include,main-exp-1.0.0
record_001183.json,U000614,main-experiment,main-experiment-package-1.2.0,main,P000769,S000004,T001257,datapipe-sequential-package,package,16,48,package,low,P?,managed,manage,positive,True,True,1833,1273,36254,TRY?|P?|NAT,3,0.03,4,0.04,20,0.2,17479,42,woman,some-college,english-only,united-kingdom,,include,,include,main-exp-1.0.0
record_001184.json,U000521,main-experiment,main-experiment-package-1.2.0,main,P000775,S000004,T001206,datapipe-sequential-package,package,10,42,package,high,TRY?,failed,fail,positive,True,True,3453,6006,47539,TRY?|P?|NAT,26,0.26,78,0.78,31,0.31,18970,31,man,bachelor,english-only,united-states,,include,,include,main-exp-1.0.0
record_001185.json,U000434,main-experiment,main-experiment-package-1.2.0,main,P001137,S000004,T001271,datapipe-sequential-package,package,6,38,package,high,P?,tried,try,positive,False,True,1872,5167,35848,TRY?|P?|NAT,100,1.0,9,0.09,0,0.0,12783,35,woman,bachelor,english-only,united-states,,include,,include,main-exp-1.0.0
record_001186.json,U001259,main-experiment,main-experiment-package-1.2.0,main,P000827,S000004,T000241,datapipe-sequential-package,package,1,33,package,high,P?,didnt_manage,manage,negative,True,True,6608,4340,98678,TRY?|P?|NAT,33,0.33,18,0.18,78,0.78,20605,24,man,some-college,english-and-other,united-states,,include,,include,main-exp-1.0.0
record_001187.json,U001023,main-experiment,main-experiment-package-1.2.0,main,P000817,S000004,T000046,datapipe-sequential-package,package,1,33,package,high,P?,didnt_manage,manage,negative,True,True,8632,4883,35796,P?|TRY?|NAT,31,0.31,33,0.33,66,0.66,25741,59,man,bachelor,english-only,united-states,,include,,include,main-exp-1.0.0
record_001195.json,U000328,main-experiment,main-experiment-package-1.2.0,main,P000791,S000004,T000022,datapipe-sequential-package,package,8,40,package,high,TRY?,managed,manage,positive,True,True,2372,1635,63843,P?|TRY?|NAT,93,0.93,92,0.92,84,0.84,14734,38,man,bachelor,english-only,united-states,,include,,include,main-exp-1.0.0
record_001200.json,U000939,main-experiment,main-experiment-package-1.2.0,main,P000452,S000004,T000571,datapipe-sequential-package,package,25,57,package,low,TRY?,didnt_manage,manage,negative,True,True,17429,8005,66514,P?|TRY?|NAT,0,0.0,8,0.08,64,0.64,13699,30,woman,bachelor,english-only,united-kingdom,,include,,include,main-exp-1.0.0
record_001202.json,U000237,main-experiment,main-experiment-package-1.2.0,main,P001023,S000004,T000098,datapipe-sequential-package,package,11,43,package,high,TRY?,didnt_fail,fail,negative,True,True,3905,1630,77008,TRY?|P?|NAT,9,0.09,14,0.14,10,0.1,14622,42,man,high-school,english-only,united-states,,include,,include,main-exp-1.0.0
record_001206.json,U000708,main-experiment,main-experiment-package-1.2.0,main,P000618,S000004,T000268,datapipe-sequential-package,package,2,34,package,high,P?,failed,fail,positive,True,True,6171,2112,96774,P?|TRY?|NAT,71,0.71,3,0.03,18,0.18,22844,29,man,master,english-and-other,canada,,include,,include,main-exp-1.0.0
record_001207.json,U000502,main-experiment,main-experiment-package-1.2.0,main,P000994,S000004,T000824,datapipe-sequential-package,package,23,55,package,low,P?,didnt_try,try,negative,False,True,6108,1439,67679,P?|TRY?|NAT,0,0.0,20,0.2,0,0.0,16940,44,woman,bachelor,english-only,united-states,,include,,include,main-exp-1.0.0
record_001209.json,U000851,main-experiment,main-experiment-package-1.2.0,main,P001291,S000004,T000538,datapipe-sequential-package,package,24,56,package,low,TRY?,managed,manage,positive,True,True,9083,3325,79640,TRY?|P?|NAT,10,0.1,21,0.21,9,0.09,362015,33,man,bachelor,english-only,united-states,,include,,include,main-exp-1.0.0
record_001210.json,U001141,main-experiment,main-experiment-package-1.2.0,main,P000072,S000004,T000257,datapipe-sequential-package,package,21,53,package,low,P?,didnt,simple,negative,False,True,9982,4936,112785,TRY?|P?|NAT,0,0.0,0,0.0,40,0.4,26799,62,woman,associate,english-only,united-states,,include,,include,main-exp-1.0.0
record_001212.json,U000166,main-experiment,main-experiment-package-1.2.0,main,P000016,S000004,T000843,datapipe-sequential-package,package,30,62,package,low,TRY?,tried,try,positive,False,True,2633,6341,69423,TRY?|P?|NAT,94,0.94,50,0.5,70,0.7,19643,38,man,high-school,english-only,united-states,,include,,include,main-exp-1.0.0
record_001213.json,U001144,main-experiment,main-experiment-package-1.2.0,main,P001214,S000004,T000729,datapipe-sequential-package,package,29,61,package,low,TRY?,didnt,simple,negative,False,True,3405,1487,28115,TRY?|P?|NAT,1,0.01,2,0.02,80,0.8,12535,24,woman,doctoral-professional,english-only,united-states,,include,,include,main-exp-1.0.0
record_001217.json,U001117,main-experiment,main-experiment-package-1.2.0,main,P000218,S000004,T000883,datapipe-sequential-package,package,14,46,package,high,TRY?,tried,try,positive,False,True,18512,26975,120999,TRY?|P?|NAT,63,0.63,8,0.08,30,0.3,36461,60,man,associate,english-and-other,canada,,include,,include,main-exp-1.0.0
record_001221.json,U000552,main-experiment,main-experiment-package-1.2.0,main,P001271,S000004,T000482,datapipe-sequential-package,package,7,39,package,high,P?,didnt_try,try,negative,False,True,63802,5655,42510,P?|TRY?|NAT,22,0.22,22,0.22,51,0.51,31917,41,man,bachelor,english-only,united-states,,include,,include,main-exp-1.0.0
record_001222.json,U000615,main-experiment,main-experiment-package-1.2.0,main,P001088,S000004,T001151,datapipe-sequential-package,package,30,62,package,low,TRY?,tried,try,positive,False,True,3119,2519,30885,TRY?|P?|NAT,10,0.1,5,0.05,41,0.41,160671,43,man,bachelor,english-only,united-states,,include,,include,main-exp-1.0.0
record_001223.json,U001258,main-experiment,main-experiment-package-1.2.0,main,P000355,S000004,T001162,datapipe-sequential-package,package,16,48,package,low,P?,managed,manage,positive,True,True,13634,1323,42470,TRY?|P?|NAT,94,0.94,98,0.98,29,0.29,42665,33,woman,master,english-only,canada,,include,,include,main-exp-1.0.0
record_001226.json,U000462,main-experiment,main-experiment-package-1.2.0,main,P000860,S000004,T000663,datapipe-sequential-package,package,6,38,package,high,P?,tried,try,positive,False,True,12010,4835,96816,TRY?|P?|NAT,100,1.0,73,0.73,85,0.85,27837,72,man,bachelor,english-only,united-kingdom,,include,,include,main-exp-1.0.0
record_001227.json,U000073,main-experiment,main-experiment-package-1.2.0,main,P000157,S000004,T001079,datapipe-sequential-package,package,30,62,package,low,TRY?,tried,try,positive,False,True,4052,84637,51734,P?|TRY?|NAT,0,0.0,0,0.0,100,1.0,67197,61,woman,bachelor,english-only,united-states,,include,,include,main-exp-1.0.0
record_001230.json,U000345,main-experiment,main-experiment-package-1.2.0,main,P000320,S000004,T001097,datapipe-sequential-package,package,11,43,package,high,TRY?,didnt_fail,fail,negative,True,True,71981,4994,25582,P?|TRY?|NAT,86,0.86,95,0.95,95,0.95,66170,28,man,some-college,english-only,united-kingdom,,include,,include,main-exp-1.0.0
record_001231.json,U000906,main-experiment,main-experiment-package-1.2.0,main,P001275,S000004,T001147,datapipe-sequential-package,package,15,47,package,high,TRY?,didnt_try,try,negative,False,True,21363,12122,71905,P?|TRY?|NAT,50,0.5,50,0.5,24,0.24,50588,39,man,high-school,english-and-other,united-kingdom,,include,,include,main-exp-1.0.0
record_001232.json,U000012,main-experiment,main-experiment-package-1.2.0,main,P000688,S000004,T000864,datapipe-sequential-package,package,4,36,package,high,P?,did,simple,positive,False,True,38362,8303,40615,TRY?|P?|NAT,82,0.82,88,0.88,16,0.16,19748,39,woman,some-college,english-only,united-states,,include,,include,main-exp-1.0.0
record_001233.json,U000848,main-experiment,main-experiment-package-1.2.0,main,P000104,S000004,T000053,datapipe-sequential-package,package,24,56,package,low,TRY?,managed,manage,positive,True,True,7963,91105,29294,P?|TRY?|NAT,6,0.06,12,0.12,42,0.42,19609,40,woman,master,english-only,united-states,,include,,include,main-exp-1.0.0
record_001235.json,U000674,main-experiment,main-experiment-package-1.2.0,main,P000181,S000004,T000442,datapipe-sequential-package,package,6,38,package,high,P?,tried,try,positive,False,True,30757,4303,48388,TRY?|P?|NAT,98,0.98,2,0.02,85,0.85,13439,34,woman,bachelor,english-only,united-states,,include,,include,main-exp-1.0.0
record_001239.json,U000292,main-experiment,main-experiment-package-1.2.0,main,P000779,S000004,T000317,datapipe-sequential-package,package,23,55,package,low,P?,didnt_try,try,negative,False,True,8812,29960,117803,TRY?|P?|NAT,27,0.27,0,0.0,68,0.68,18748,43,woman,some-college,english-only,united-states,,include,,include,main-exp-1.0.0
record_001241.json,U000467,main-experiment,main-experiment-package-1.2.0,main,P000415,S000004,T000521,datapipe-sequential-package,package,23,55,package,low,P?,didnt_try,try,negative,False,True,5358,5562,86417,TRY?|P?|NAT,0,0.0,0,0.0,100,1.0,14891,53,woman,high-school,english-only,united-states,,include,,include,main-exp-1.0.0
record_001242.json,U000064,main-experiment,main-experiment-package-1.2.0,main,P000569,S000004,T000324,datapipe-sequential-package,package,17,49,package,low,P?,didnt_manage,manage,negative,True,True,4108,11081,142900,P?|TRY?|NAT,0,0.0,0,0.0,100,1.0,14823,21,woman,high-school,english-only,united-states,,include,,include,main-exp-1.0.0
record_001244.json,U001009,main-experiment,main-experiment-package-1.2.0,main,P001153,S000004,T000463,datapipe-sequential-package,package,8,40,package,high,TRY?,managed,manage,positive,True,True,4910,5565,44740,TRY?|P?|NAT,100,1.0,100,1.0,100,1.0,23011,41,woman,master,english-only,united-kingdom,,include,,include,main-exp-1.0.0
record_001245.json,U001219,main-experiment,main-experiment-package-1.2.0,main,P000491,S000004,T000134,datapipe-sequential-package,package,27,59,package,low,TRY?,didnt_fail,fail,negative,True,True,51813,9029,78571,TRY?|P?|NAT,3,0.03,1,0.01,3,0.03,26883,50,woman,bachelor,english-only,united-states,,include,,include,main-exp-1.0.0
record_001246.json,U000032,main-experiment,main-experiment-package-1.2.0,main,P000662,S000004,T000302,datapipe-sequential-package,package,23,55,package,low,P?,didnt_try,try,negative,False,True,12397,7243,70348,P?|TRY?|NAT,7,0.07,10,0.1,90,0.9,38987,55,man,bachelor,english-and-other,united-states,,include,,include,main-exp-1.0.0
record_001249.json,U000773,main-experiment,main-experiment-package-1.2.0,main,P000071,S000004,T000331,datapipe-sequential-package,package,20,52,package,low,P?,did,simple,positive,False,True,48047,6878,41212,TRY?|P?|NAT,100,1.0,100,1.0,100,1.0,30551,39,woman,associate,english-only,united-states,,include,,include,main-exp-1.0.0
record_001250.json,U000528,main-experiment,main-experiment-package-1.2.0,main,P000389,S000004,T000082,datapipe-sequential-package,package,1,33,package,high,P?,didnt_manage,manage,negative,True,True,22173,8428,54189,TRY?|P?|NAT,5,0.05,1,0.01,96,0.96,38443,58,woman,master,english-only,canada,,include,,include,main-exp-1.0.0
record_001251.json,U000850,main-experiment,main-experiment-package-1.2.0,main,P000122,S000004,T000642,datapipe-sequential-package,package,13,45,package,high,TRY?,didnt,simple,negative,False,True,19309,6707,146694,P?|TRY?|NAT,60,0.6,66,0.66,55,0.55,14876,29,man,master,english-only,australia,,include,,include,main-exp-1.0.0
record_001254.json,U001277,main-experiment,main-experiment-package-1.2.0,main,P001143,S000004,T000849,datapipe-sequential-package,package,3,35,package,high,P?,didnt_fail,fail,negative,True,True,3306,10961,53197,P?|TRY?|NAT,94,0.94,90,0.9,49,0.49,12080,36,woman,some-college,english-only,united-states,,include,,include,main-exp-1.0.0
record_001255.json,U000407,main-experiment,main-experiment-package-1.2.0,main,P000669,S000004,T000910,datapipe-sequential-package,package,9,41,package,high,TRY?,didnt_manage,manage,negative,True,True,3371,9953,34635,P?|TRY?|NAT,95,0.95,2,0.02,51,0.51,25496,42,man,bachelor,english-only,united-states,,include,,include,main-exp-1.0.0
record_001257.json,U000454,main-experiment,main-experiment-package-1.2.0,main,P000677,S000004,T000685,datapipe-sequential-package,package,11,43,package,high,TRY?,didnt_fail,fail,negative,True,True,2259,3164,47775,P?|TRY?|NAT,100,1.0,100,1.0,100,1.0,23108,48,woman,high-school,english-only,united-states,,include,,include,main-exp-1.0.0
record_001259.json,U001161,main-experiment,main-experiment-package-1.2.0,main,P000929,S000004,T000745,datapipe-sequential-package,package,6,38,package,high,P?,tried,try,positive,False,True,16414,9205,118166,TRY?|P?|NAT,73,0.73,48,0.48,50,0.5,17525,56,man,bachelor,english-only,united-kingdom,,include,,include,main-exp-1.0.0
record_001260.json,U001022,main-experiment,main-experiment-package-1.2.0,main,P000210,S000004,T000377,datapipe-sequential-package,package,16,48,package,low,P?,managed,manage,positive,True,True,3850,5891,97508,P?|TRY?|NAT,86,0.86,77,0.77,28,0.28,16048,60,man,master,english-only,united-states,,include,,include,main-exp-1.0.0
record_001263.json,U000923,main-experiment,main-experiment-package-1.2.0,main,P001250,S000004,T000247,datapipe-sequential-package,package,26,58,package,low,TRY?,failed,fail,positive,True,True,6787,7026,84616,TRY?|P?|NAT,0,0.0,0,0.0,18,0.18,25132,24,man,bachelor,english-and-other,united-kingdom,,include,,include,main-exp-1.0.0
record_001265.json,U000875,main-experiment,main-experiment-package-1.2.0,main,P000283,S000004,T001071,datapipe-sequential-package,package,9,41,package,high,TRY?,didnt_manage,manage,negative,True,True,4537,4125,34470,TRY?|P?|NAT,71,0.71,19,0.19,14,0.14,12075,38,woman,bachelor,english-only,united-states,,include,,include,main-exp-1.0.0
record_001266.json,U000277,main-experiment,main-experiment-package-1.2.0,main,P000731,S000004,T000723,datapipe-sequential-package,package,28,60,package,low,TRY?,did,simple,positive,False,True,6721,2635,107162,TRY?|P?|NAT,74,0.74,31,0.31,61,0.61,33996,29,woman,master,english-only,united-kingdom,,include,,include,main-exp-1.0.0
record_001268.json,U000801,main-experiment,main-experiment-package-1.2.0,main,P000037,S000004,T000528,datapipe-sequential-package,package,22,54,package,low,P?,tried,try,positive,False,True,39372,14588,79460,P?|TRY?|NAT,93,0.93,55,0.55,75,0.75,39880,49,woman,some-college,english-only,united-states,,include,,include,main-exp-1.0.0
record_001269.json,U001145,main-experiment,main-experiment-package-1.2.0,main,P000151,S000004,T000546,datapipe-sequential-package,package,5,37,package,high,P?,didnt,simple,negative,False,True,8132,14806,73775,TRY?|P?|NAT,16,0.16,4,0.04,84,0.84,106663,47,man,high-school,english-only,united-states,,include,,include,main-exp-1.0.0
record_001273.json,U000651,main-experiment,main-experiment-package-1.2.0,main,P000160,S000004,T000918,datapipe-sequential-package,package,10,42,package,high,TRY?,failed,fail,positive,True,True,62001,6382,72687,TRY?|P?|NAT,10,0.1,0,0.0,67,0.67,30640,34,woman,high-school,english-only,united-kingdom,,include,,include,main-exp-1.0.0
record_001277.json,U000795,main-experiment,main-experiment-package-1.2.0,main,P000164,S000004,T000321,datapipe-sequential-package,package,5,37,package,high,P?,didnt,simple,negative,False,True,7822,8413,83431,TRY?|P?|NAT,71,0.71,84,0.84,44,0.44,21551,38,woman,master,english-only,united-kingdom,,include,,include,main-exp-1.0.0
record_001284.json,U000180,main-experiment,main-experiment-package-1.2.0,main,P000700,S000004,T001130,datapipe-sequential-package,package,16,48,package,low,P?,managed,manage,positive,True,True,5829,1440,91964,TRY?|P?|NAT,0,0.0,0,0.0,0,0.0,16344,47,woman,bachelor,english-only,united-states,,include,,include,main-exp-1.0.0
record_001286.json,U000987,main-experiment,main-experiment-package-1.2.0,main,P000211,S000004,T000150,datapipe-sequential-package,package,7,39,package,high,P?,didnt_try,try,negative,False,True,9924,4110,54715,TRY?|P?|NAT,18,0.18,15,0.15,1,0.01,17276,45,woman,master,english-only,united-states,,include,,include,main-exp-1.0.0
record_001287.json,U000554,main-experiment,main-experiment-package-1.2.0,main,P000928,S000004,T000633,datapipe-sequential-package,package,0,32,package,high,P?,managed,manage,positive,True,True,8027,7378,65040,P?|TRY?|NAT,87,0.87,83,0.83,56,0.56,18885,37,man,bachelor,english-only,united-kingdom,,include,,include,main-exp-1.0.0
record_001291.json,U000808,main-experiment,main-experiment-package-1.2.0,main,P001046,S000004,T001121,datapipe-sequential-package,package,19,51,package,low,P?,didnt_fail,fail,negative,True,True,96154,17071,84658,TRY?|P?|NAT,100,1.0,100,1.0,72,0.72,77219,39,woman,some-college,english-and-other,united-kingdom,,include,,include,main-exp-1.0.0
record_001295.json,U000238,main-experiment,main-experiment-package-1.2.0,main,P000839,S000004,T000239,datapipe-sequential-package,package,12,44,package,high,TRY?,did,simple,positive,False,True,37049,15943,73868,P?|TRY?|NAT,99,0.99,99,0.99,89,0.89,13112,41,man,bachelor,english-only,united-states,,include,,include,main-exp-1.0.0
record_001297.json,U001194,main-experiment,main-experiment-package-1.2.0,main,P001216,S000004,T001192,datapipe-sequential-package,package,23,55,package,low,P?,didnt_try,try,negative,False,True,5839,2992,40518,P?|TRY?|NAT,0,0.0,0,0.0,70,0.7,15456,18,woman,high-school,english-only,australia,,include,,include,main-exp-1.0.0
record_001302.json,U000014,main-experiment,main-experiment-package-1.2.0,main,P000141,S000004,T001213,datapipe-sequential-package,package,0,32,package,high,P?,managed,manage,positive,True,True,3147,2061,245366,TRY?|P?|NAT,28,0.28,0,0.0,29,0.29,16222,46,man,some-college,english-only,united-states,,include,,include,main-exp-1.0.0
